"ID","Description","setSize","enrichmentScore","NES","pvalue","p.adjust","qvalue","rank","leading_edge","core_enrichment"
"hsa04668","TNF signaling pathway",116,0.682837810178649,2.58508042328757,1e-10,4.4e-09,2.5e-09,1799,"tags=43%, list=12%, signal=38%","330/2921/3569/6364/3383/4790/1437/3553/7128/6372/9586/8837/1540/6374/840/7424/7185/182/6352/3976/7133/3659/5293/10000/1326/23118/6347/3600/4792/1435/7124/6868/1385/83737/843/6376/4318/3725/468/257397/7187/8737/4217/9252/2920/331/329/5599/841/6401"
"hsa00190","Oxidative phosphorylation",96,-0.684401092970511,-2.56610726857513,1e-10,4.4e-09,2.5e-09,3430,"tags=66%, list=23%, signal=51%","4729/54205/27068/525/6390/440567/10063/64077/7386/6389/51606/1355/529/1345/1340/29796/51079/51382/4723/1327/4710/1349/9296/1350/4700/4725/4704/1353/4705/4731/4702/4701/4714/4718/4696/7384/155066/4712/4707/4728/1337/4716/126328/4708/533/1537/27089/10312/9377/527/1329/9114/4713/4726/4706/4722/4717/374291/10975/1351/54539/4695/537"
"hsa04060","Cytokine-cytokine receptor interaction",175,0.640733766169306,2.53792627087352,1e-10,4.4e-09,2.5e-09,958,"tags=25%, list=7%, signal=23%","56300/3552/2921/3569/6364/3455/1437/3553/9180/6372/3624/3604/3575/6374/3459/650/6352/3557/3976/7133/8795/8797/3601/53833/3589/3556/3977/3597/3460/7042/6347/3600/3566/51561/1435/7124/83729/56477/9235/133396/8740/3592/6376"
"hsa03010","Ribosome",164,-0.621767928580869,-2.49388056710876,1e-10,4.4e-09,2.5e-09,4154,"tags=60%, list=28%, signal=43%","3921/6128/6224/51121/64983/6204/51258/65080/6192/6228/6166/29093/6152/64968/29088/6164/9801/6202/25873/6134/64951/51081/6138/26589/6201/6170/10884/6208/51253/65005/9045/54534/57129/6235/740/6217/11224/51649/6143/64976/6159/51116/6187/28998/79590/6231/63875/6142/51069/6193/6132/6176/63931/219927/6223/6227/64928/7311/51642/6137/6141/6181/51318/64432/51065/51264/11222/116832/55052/65993/65003/6203/28957/64960/10573/6234/118487/116541/2197/122704/84545/90480/116540/54948/64963/6183/6209/6150/6182/64978/128308/29074/51073/55168/64949/54998/64975/64981"
"hsa04064","NF-kappa B signaling pathway",88,0.684999753549348,2.47612721610193,1e-10,4.4e-09,2.5e-09,1657,"tags=39%, list=11%, signal=34%","597/330/7706/2921/3383/4790/3553/5328/7128/8837/1540/1647/7185/4067/23118/7189/4792/5971/7124/598/1459/8740/5336/1457/4615/257397/7187/8737/84433/4050/2920/331/4791/329"
"hsa04621","NOD-like receptor signaling pathway",147,0.632310133196185,2.4507814073128,1e-10,4.4e-09,2.5e-09,1735,"tags=35%, list=12%, signal=32%","330/2921/3569/4790/6772/3455/2633/3553/7128/4940/3428/2635/10379/10628/4938/6352/115362/6773/10135/10010/23118/81631/6347/3716/7189/22861/4792/7124/598/3665/84168/114548/3710/834/3725/4615/257397/118429/24145/7187/115361/8737/9140/3709/3708/23710/2920/331/329/29110/5599/841"
"hsa04630","JAK-STAT signaling pathway",115,0.645469100954052,2.43948047673794,1e-10,4.4e-09,2.5e-09,1996,"tags=42%, list=14%, signal=36%","3569/6772/3455/1437/5155/9180/316/10379/4609/6776/3575/3459/3976/6773/5293/3601/53833/3589/10000/3977/8835/3597/3460/3716/3600/3566/51561/598/1956/3717/133396/3592/9306/6775/1026/1438/6655/10254/5771/6774/4170/3454/1440/50615/3588/3574/6654/6777"
"hsa05164","Influenza A",139,0.607909164404534,2.34230243209905,1e-10,4.4e-09,2.5e-09,980,"tags=25%, list=7%, signal=24%","3552/4599/7706/3569/3383/4790/6772/3455/64135/3553/4940/10379/3459/5610/4938/6352/8795/8797/6773/103/10241/5293/10000/4600/3460/402569/6347/3716/4792/7124/3665/3717/114548/3592/834"
"hsa05162","Measles",107,0.631619411963322,2.36384213677928,1.4900654351756e-10,5.8278114797979e-09,3.31125652261244e-09,1839,"tags=39%, list=12%, signal=35%","3552/4599/3569/4790/6772/3455/64135/3553/7128/4940/7097/10379/6776/5610/4938/6773/103/5293/10000/4600/23118/3716/7189/4792/598/3665/1459/3592/1457/3725/4615/7187/9367/1021/3305/868/29110/5599/6774/841/2932/3454"
"hsa05200","Pathways in cancer",448,0.423637920516862,1.83889542730004,2.38403501005279e-10,8.39180323538581e-09,4.76807002010558e-09,2245,"tags=27%, list=15%, signal=24%","330/3569/4790/6772/3455/4824/10125/5155/3918/2113/7422/4609/7039/6776/3673/3575/1647/3459/650/840/7424/25780/7185/182/9965/2308/6773/5293/3601/4088/1488/10000/4233/3597/1282/3460/861/7042/3685/2247/3716/3600/7189/3566/5337/51561/4792/598/4312/3912/1956/3910/5747/5366/3717/5880/3592/3675/5336/405/1284/4318/3725/6775/8323/673/1288/1026/3915/7187/1030/1438/3908/6655/4780/4853/867/5371/6934/1021/2323/7296/9252/51426/8648/3688/4286/331/4791/329/1399/5599/6774/841/112399/2932/3454/2149/2034/4313/3574/7188/3845/3914/8202/6654/6513/23236/6777/3909/624/4087/1286/2246/3480/10672/6789/815/2335/3572/6093"
"hsa05133","Pertussis",66,0.699723384063485,2.39356492703835,5.84762795046095e-10,1.8712409441475e-08,1.06320508190199e-08,1273,"tags=30%, list=9%, signal=28%","3552/3569/4790/3553/6372/3678/715/6374/840/716/3659/7189/51561/7124/114548/3592/834/3725/4615/718"
"hsa05321","Inflammatory bowel disease",49,0.757423992844451,2.47899798007055,8.57651092760973e-10,2.51577653876552e-08,1.42941848793496e-08,2047,"tags=45%, list=14%, signal=39%","3552/3569/4790/6772/3553/7097/3459/4088/3460/7042/4094/3566/51561/7124/3592/3725/6775/2625/6774/50615/3117/4087"
"hsa05323","Rheumatoid arthritis",76,0.671307339295159,2.36453986950478,1.5095193133556e-09,4.08731383308594e-08,2.32233740516247e-08,699,"tags=26%, list=5%, signal=25%","3552/2921/3569/6364/3383/1437/3553/7097/6372/7422/6374/6352/3589/7042/6347/3600/51561/1435/7124/4312"
"hsa04380","Osteoclast differentiation",110,0.606023104308139,2.27756921874425,2.27713789599937e-09,5.34368359594518e-08,3.03618386133249e-08,1872,"tags=35%, list=13%, signal=31%","3552/4790/6772/3455/3553/10379/1540/3459/6773/3690/5293/2534/10000/3460/23118/7042/3716/7189/4792/5971/1435/7124/2355/4688/9846/489/1385/3710/5336/3725/7006/3709/3708/4286/4791/5599/8061/3454/2274"
"hsa05171","Coronavirus disease",187,0.521890628683534,2.08396475231128,2.22706576483496e-09,5.34368359594518e-08,3.03618386133249e-08,1273,"tags=20%, list=9%, signal=19%","4599/3569/4790/6772/1839/3455/1437/64135/3553/4940/7097/715/10379/5610/4938/629/716/6773/103/5293/4600/23118/6347/3716/7189/4792/7124/4312/6868/1956/114548/3592/834/5336/3725/4615/7187/718"
"hsa05168","Herpes simplex virus 1 infection",152,0.54563640436217,2.12783391836363,2.48625500866815e-09,5.46976101906993e-08,3.10781876083519e-08,2039,"tags=33%, list=14%, signal=29%","330/3569/4790/6772/3455/64135/3553/4940/7097/6672/3678/10379/6890/3459/5610/4938/6352/6773/3690/5293/10000/3460/23118/6347/3716/7189/4792/7124/598/3665/3717/8740/6732/3592/6891/4615/7187/718/5371/29915/25833/7248/329/29110/841/3454/7188/56829/3134/3117"
"hsa05140","Leishmaniasis",64,0.675132643374737,2.28730346202564,6.82923586892058e-09,1.41405354462355e-07,8.03439513990656e-08,1273,"tags=31%, list=9%, signal=29%","3552/4790/6772/3553/7097/3459/3460/23118/7042/3716/7189/1915/4792/7124/4688/3717/3592/3725/4615/718"
"hsa04061","Viral protein interaction with cytokine and cytokine receptor",51,0.709750366522424,2.32862696578443,1.12075838444556e-08,2.19170528513799e-07,1.2452870938284e-07,958,"tags=31%, list=7%, signal=29%","2921/3569/6364/6372/6374/6352/7133/8795/8797/53833/6347/1435/7124/56477/8740/6376"
"hsa05012","Parkinson disease",221,-0.455677913727134,-1.89363155247892,1.49753093097611e-08,2.77437309317679e-07,1.5763483483959e-07,3567,"tags=50%, list=24%, signal=38%","4715/5685/5567/1616/7280/4729/54205/27429/4129/7922/6390/5708/25828/51806/440567/808/89953/7317/10131/7386/64837/5690/5694/5684/84617/6389/5705/10381/1345/6647/1340/29796/51079/7277/10376/4723/1327/6622/4710/5719/1349/203068/816/801/5689/1350/4700/2771/292/4725/2778/291/7311/5693/10105/5702/4704/9861/84790/5692/4705/7314/4731/4702/4701/283375/5688/4714/5682/7295/91252/11047/118424/4718/11315/4696/5715/7384/4712/9817/4707/5704/4728/1337/581/10383/4716/55630/126328/4708/7419/10382/1537/27089/9377/1329/4713/4726/4706/4722/5709/4717/374291/10975/1351/111/54539/4695/5691/29985"
"hsa05167","Kaposi sarcoma-associated herpesvirus infection",164,0.519283805121231,2.05370813725996,2.58909753167215e-08,4.55681165574298e-07,2.58909753167215e-07,2904,"tags=38%, list=20%, signal=31%","2921/3569/3383/4790/6772/3455/1437/5155/7422/10379/4609/3459/5610/4067/6773/5293/10000/81631/2247/3716/4792/3665/1385/3717/1827/3710/5336/3725/1026/7187/718/3709/3708/6934/1021/2920/29110/5599/6774/841/2932/3454/3845/22863/3134/5533/3572/2919/9641/7098/1387/59345/3091/6416/148022/5289/5534/5290/2033/1871/3106/5291/2782"
"hsa05417","Lipid and atherosclerosis",185,0.502709127948891,2.0086926860718,2.74896471223739e-08,4.60778847003601e-07,2.61806163070228e-07,2228,"tags=32%, list=15%, signal=27%","6648/2921/3569/3383/4790/3553/7097/4973/840/7436/6352/4067/8795/19/8797/1543/5293/10000/10010/7409/23118/6347/7189/2081/4792/7124/598/4688/3665/4312/5747/3717/114548/3592/834/4318/3725/4615/468/7187/4217/4780/3708/25833/3305/2920/29110/5599/6774/841/6401/2932/3845/1573/23236/22926/9451/815/5533"
"hsa04933","AGE-RAGE signaling pathway in diabetic complications",95,0.595662583472143,2.18899646343777,6.45114199260916e-08,1.02220897362988e-06,5.80800553198796e-07,2049,"tags=37%, list=14%, signal=32%","3552/3569/3383/4790/6772/5054/3553/7422/6776/7424/5581/2308/5293/4088/10000/1282/7042/6347/7124/3717/5336/2152/1284/3725/1288/5599/6774/6401/4313/7056/3845/23236/6777/4087/1286"
"hsa04217","Necroptosis",112,0.572020604253642,2.16905861290552,6.67920636178615e-08,1.02220897362988e-06,5.80800553198796e-07,1996,"tags=31%, list=14%, signal=27%","3552/330/6772/3455/3553/7128/10379/8837/6776/1540/3459/5610/8795/8797/6773/92421/3460/8605/3716/7124/51510/3717/114548/834/6775/8737/5836/331/329/5599/6774/841/3454/7188/6777"
"hsa04657","IL-17 signaling pathway",78,0.624148990083578,2.20686024154857,1.13455798979599e-07,1.66401838503411e-06,9.45464991496656e-07,1915,"tags=38%, list=13%, signal=34%","2921/3569/6364/4790/1437/3553/7128/6372/6374/23118/6347/7189/4792/7124/4312/29761/4322/5597/4318/3725/257397/7187/2920/29110/5599/841/8061/2932/1440/7188"
"hsa05016","Huntington disease",256,-0.417884527483722,-1.76741801363428,1.9140588921766e-07,2.69499492018466e-06,1.53124711374128e-06,2768,"tags=38%, list=19%, signal=31%","5690/5694/5684/84617/6389/5705/10121/10381/1345/6647/1340/29796/51079/2877/7277/10376/4723/1327/4710/5719/1349/203068/3065/2878/5689/1350/1211/4700/292/4725/291/5437/5693/5439/10105/23130/5702/4704/9861/10120/84790/5609/1173/5692/4705/4731/4702/4701/5688/4714/5682/11047/4718/160/4696/5715/7384/4712/4707/5704/4728/1337/5432/581/10383/4716/1212/126328/5434/4708/7419/10382/1537/26100/5331/27089/1175/9377/5441/2876/5438/1329/11258/4713/4726/4706/4722/5709/4717/374291/10975/1351/54539/5435/4695/5691"
"hsa04714","Thermogenesis",184,-0.459273352148124,-1.86560379845793,2.24607631556943e-07,3.04084178107861e-06,1.72775101197648e-06,3646,"tags=45%, list=25%, signal=34%","57104/55744/2260/4715/5567/29078/4729/10488/6390/440567/10063/6195/493753/51241/7386/788/6597/6300/6389/107/1355/1345/1340/29796/51079/4723/1327/4710/1349/1350/4700/4725/7249/2778/60/285521/8193/4704/1353/3265/4705/137682/4731/51548/4702/4701/4714/84987/4718/6598/51287/4696/64223/7384/4712/28958/3991/4707/6199/4728/388753/1337/4716/126328/4708/1537/27089/9377/1329/4713/4726/4706/4722/6603/84335/4717/374291/10975/1351/25915/111/54539/4695"
"hsa05202","Transcriptional misregulation in cancer",143,0.52278892024535,2.02273941949017,3.09790376855065e-07,4.03874861677715e-06,2.29474353225974e-06,2433,"tags=37%, list=17%, signal=31%","597/330/3569/4790/5327/1437/5328/4609/860/51513/1647/7185/2308/64332/466/4233/861/4094/598/6935/5747/2005/905/2120/5966/4318/1026/7403/1655/5371/51274/904/8464/51426/4300/4286/6760/4086/329/4211/55589/8091/4005/7113/51804/3480/2530/221037/6495/2313/5154/25942/9915"
"hsa04625","C-type lectin receptor signaling pathway",94,0.569751877549963,2.08718787598816,4.08283127017588e-07,5.13270216822111e-06,2.91630805012563e-06,1735,"tags=30%, list=12%, signal=26%","3569/4790/6772/3553/10379/1540/6773/3659/5293/10000/22808/51561/4792/5971/7124/114548/3592/3710/834/5336/3725/22800/3709/3708/4791/868/5599/841"
"hsa04723","Retrograde endocannabinoid signaling",105,-0.535637369326789,-2.04162865505896,6.33970708462955e-07,7.69509273720552e-06,4.37221178250314e-06,2720,"tags=38%, list=18%, signal=31%","6300/776/107/222236/51079/4723/2787/4710/2791/4700/57406/2771/4725/2790/4704/4705/2783/4731/4702/4701/4714/4718/4696/4712/4707/4728/4716/126328/4708/5331/2166/4713/4726/4706/4722/4717/374291/111/54539/4695"
"hsa04659","Th17 cell differentiation",89,0.579030618408105,2.09063909527872,7.52065177092333e-07,8.82423141121671e-06,5.01376784728222e-06,2578,"tags=33%, list=18%, signal=27%","3569/4790/6772/3553/6776/3459/4088/3556/3460/861/3716/3566/51561/4792/3717/3725/2625/5599/6774/50615/6777/3117/4087/3662/5533/3572/4089/196/3091"
"hsa04151","PI3K-Akt signaling pathway",284,0.42602378899844,1.77015532031648,9.70861865987108e-07,1.10239798976601e-05,6.26362494185231e-06,2100,"tags=26%, list=14%, signal=23%","3569/4790/3455/5155/3918/9180/7097/3678/9586/7422/4609/7039/3673/3575/7424/9965/2069/3690/5293/5106/54541/10000/4233/1282/2309/1942/3685/2247/3716/5520/3566/1435/598/1975/1385/3912/1956/3910/5747/3717/3675/5523/1284/468/1288/1026/3915/3908/6655/55012/1969/1021/2323/3688/7248/7057/4170/2932/118788/3454/2149/1440/3696/3574/3845/3914/6654/56034/3676/3909/6446/1286/2246/3480"
"hsa05160","Hepatitis C",130,0.518180013566144,1.9879946584155,1.07148862369019e-06,1.1786374860592e-05,6.69680389806366e-06,1955,"tags=31%, list=13%, signal=27%","4599/4790/6772/9076/3455/4940/10379/4609/8837/5610/4938/6773/100506658/5293/10000/3434/4600/3716/7189/5520/9069/4792/7124/3665/1956/673/1026/7187/8737/6655/1021/29110/6774/841/2932/10686/3454/3845/6654/3646"
"hsa05014","Amyotrophic lateral sclerosis",307,-0.382190570023972,-1.65244222148738,1.17993654217408e-06,1.25859897831901e-05,7.15113055863077e-06,2897,"tags=33%, list=20%, signal=27%","2521/7386/64837/637/5690/5694/5684/847/6300/84617/6389/5705/10121/10381/1345/6647/1340/29796/51079/2877/7277/10376/84557/145957/4723/1327/7132/4710/5719/1349/203068/9973/2878/5689/1350/4700/4725/6396/60/23511/5693/23130/5702/4704/9861/10120/84790/400916/5692/4705/7415/4731/4702/4701/5216/5688/4714/5682/2905/11047/79902/4718/4696/5715/7384/4712/4707/10482/5704/4728/1337/10280/581/10383/4716/10189/126328/4708/10382/1537/26100/27089/9377/572/10452/2876/1329/11258/4713/4726/4706/4722/5608/5709/4717/374291/10975/1351/54539/4695/5691"
"hsa04620","Toll-like receptor signaling pathway",83,0.584831768431239,2.08802570473691,1.68927735906879e-06,1.74889891291827e-05,9.9369256415811e-06,1263,"tags=28%, list=9%, signal=25%","3569/4790/6772/3455/3553/7097/10379/6352/6773/5293/10000/1326/23118/3716/7189/4792/7124/3665/3592/3725/4615/7187/8737"
"hsa05169","Epstein-Barr virus infection",178,0.47301733516365,1.87892059998347,1.99953222882271e-06,2.01095812727313e-05,1.14258984504155e-05,1735,"tags=24%, list=12%, signal=21%","3569/3383/4790/6772/3455/7128/4940/7097/10379/4609/6890/4734/1647/5610/4938/4067/6773/5293/10000/23118/3716/7189/4792/5971/7124/3665/6891/5336/7874/3725/4615/1026/7187/8737/3516/1021/51426/4791/29110/5599/6774/841"
"hsa03030","DNA replication",36,-0.69493094515163,-2.19356514436312,2.59092195278702e-06,2.53334590939175e-05,1.43940108488168e-05,2714,"tags=67%, list=18%, signal=55%","5984/246243/6118/6119/5985/23649/4175/4171/5426/4176/5983/2237/4173/10535/5427/5425/5982/4172/56655/5111/84153/5424/4174/3978"
"hsa04518","Integrin signaling",135,0.492822200708717,1.89100775351493,2.78358825263952e-06,2.64817044575436e-05,1.50464229872407e-05,2525,"tags=33%, list=17%, signal=27%","3383/5155/3918/3678/7422/3673/2317/7424/3690/5293/10000/4233/1282/3685/3912/1956/3910/5747/5880/3675/1284/1288/3915/718/3908/10979/3688/80144/7057/2932/3696/3914/56034/3676/3909/2200/1286/3480/2335/1292/3672/5154/3384/9459"
"hsa04622","RIG-I-like receptor signaling pathway",52,0.651535887949618,2.14255948021325,2.94914704869619e-06,2.731841476687e-05,1.55218265720852e-05,1735,"tags=40%, list=12%, signal=36%","7706/4790/64135/1540/57169/103/10010/7189/4792/7124/3665/843/3592/64343/7187/8737/9140/79132/29110/5599/841"
"hsa05145","Toxoplasmosis",101,0.539411280942225,1.99579016867552,5.41614731672202e-06,4.88842014227218e-05,2.77751144447283e-05,2039,"tags=33%, list=14%, signal=28%","330/4790/6772/3918/7097/3459/10000/3460/23118/7042/3716/7189/4792/7124/598/3912/3910/3717/3592/4615/3915/3908/3305/3688/331/329/5599/6774/841/3588/3914/3909/3117"
"hsa04014","Ras signaling pathway",188,0.440987537274383,1.75987771118815,9.2390935779723e-06,7.93209985230793e-05,4.50687491608405e-05,3301,"tags=39%, list=22%, signal=31%","4790/10125/5155/2113/7422/7039/7424/25780/9965/5293/27/10000/4233/5924/1942/2247/8605/22808/5337/1435/598/55770/9846/2549/1956/5921/5880/5336/5966/8315/22800/8036/6655/1969/9462/2323/22821/5868/29110/5599/57148/5062/3845/6654/56034/3363/2246/3480/6789/253959/5898/5154/3643/4303/59345/57186/5922/100137049/4763/5290/4804/5291/2782/627/5781/3481/3551/25/5578/5906/10235/5970/5295/54331"
"hsa05415","Diabetic cardiomyopathy",162,-0.434480537136511,-1.74511061167232,9.21140061417983e-06,7.93209985230793e-05,4.50687491608405e-05,2535,"tags=37%, list=17%, signal=31%","1345/2597/1340/29796/51079/4723/1327/4710/1349/7043/816/1350/4700/292/4725/6517/291/10105/4704/51660/4705/4731/4702/4701/4714/4718/207/4696/7384/4712/4707/4728/1337/1509/4716/183/126328/4708/7419/1537/1535/2539/5331/27089/9377/1329/5162/4713/4726/5499/4706/4722/4717/374291/10975/1351/54539/4695/5296/25874"
"hsa05152","Tuberculosis",150,0.473773762968326,1.84842689836566,1.15549182123192e-05,9.68412193032463e-05,5.50234200586627e-05,1114,"tags=17%, list=8%, signal=16%","3552/3656/3569/4790/6772/3553/7097/3459/7421/10000/3460/7042/3716/7189/51561/7124/1054/3313/22925/1385/843/3717/3592/4801/1520/4615"
"hsa04510","Focal adhesion",180,0.453596100665152,1.8035235812803,1.23566749610931e-05,0.000101152315960576,5.7472906795782e-05,2380,"tags=30%, list=16%, signal=25%","330/5155/3918/3678/7422/3673/2317/7424/10627/3690/5293/2534/10000/7409/4233/1282/3685/8394/3912/1956/3910/5747/5880/3675/1284/3725/673/1288/3915/3908/6655/3688/331/7057/329/1399/5599/4659/2932/3696/5062/3914/6654/56034/3676/3909/1286/3480/394/2335/6093/1292/3672/5154"
"hsa04658","Th1 and Th2 cell differentiation",76,0.567162235648133,1.99771049736406,1.31837787056702e-05,0.000105470229645362,5.99262668439556e-05,1360,"tags=24%, list=9%, signal=22%","4790/6772/6776/3459/182/3460/4094/3716/3566/4792/84441/3717/3592/3725/6775/3516/4853/2625"
"hsa04514","Cell adhesion molecule (CAM) interaction",115,0.500698670935803,1.89233633441343,1.41274299891889e-05,0.000110507896804322,6.27885777297283e-05,2039,"tags=24%, list=14%, signal=21%","6385/3383/9076/3897/4897/100506658/29126/8506/1001/3685/9069/50848/5817/5792/5797/1000/80380/925/1002/3688/23308/6401/10686/1003/3696/3676/3134/3117"
"hsa04640","Hematopoietic cell lineage",63,0.601382867387106,2.03645448456866,1.54369607283127e-05,0.000118126308181871,6.71172205578812e-05,2178,"tags=35%, list=15%, signal=30%","3552/3569/1437/3553/3678/3673/3575/3690/3589/1604/3566/1435/7124/3675/1438/2323/925/1440/3574/3676/3117/966"
"hsa05222","Small cell lung cancer",91,0.539445700471263,1.95774569238762,1.79053745436455e-05,0.00013409982636943,7.6193083164449e-05,2049,"tags=37%, list=14%, signal=32%","330/4790/3918/4609/3673/1647/7185/5293/10000/1282/3685/7189/4792/598/3912/3910/5747/3675/1284/1288/1026/3915/7187/1030/3908/1021/51426/3688/331/329/7188/3914/3909/1286"
"hsa05142","Chagas disease",85,0.552767066720615,1.97308395381158,1.83662678180449e-05,0.000134685963998996,7.65261159085204e-05,2047,"tags=32%, list=14%, signal=28%","3569/4790/5054/3553/7097/8837/3459/6352/5293/10000/3460/7042/6347/7189/5520/4792/7124/3592/3725/4615/718/2774/5599/841/23236/624/4087"
"hsa05146","Amoebiasis",83,0.549995446716156,1.96364953516819,2.47958299297683e-05,0.000178125145617927,0.000101207469101095,2215,"tags=35%, list=15%, signal=30%","2921/3569/4790/1437/3553/3918/7097/5272/5293/1282/7042/7124/3912/3910/5747/3592/1284/1288/3915/3908/2774/2920/5868/3914/23236/3909/1286/2335/6318"
"hsa04010","MAPK signaling pathway",258,0.407852691142455,1.67474620829997,2.63473578647636e-05,0.000185485399367935,0.000105389431459054,2391,"tags=28%, list=16%, signal=24%","3552/4790/3553/10125/5155/7422/4609/7039/1647/7424/25780/9965/2069/10000/3556/1326/4233/1843/6196/23118/5924/7042/1942/2247/8605/22808/7189/5971/1435/7124/8682/9175/1956/5921/5880/2005/3725/4615/468/22800/59284/673/9448/6655/4217/9693/1969/2323/8491/3305/9252/59285/80824/4791/1399/5599/10746/5062/51347/3845/6654/56034/5495/2246/3480/6789/5533/57551/5494/4216/5154/3643"
"hsa04512","ECM-receptor interaction",72,0.571453214732219,1.98950494159784,2.80747863675385e-05,0.000193771074536737,0.000110097201441328,2340,"tags=38%, list=16%, signal=32%","6385/3918/3678/3673/3690/1282/3685/3912/3910/961/3675/1284/1288/3915/3908/3688/80144/7057/3696/3914/3676/3909/1286/2335/9899/1292/3672"
"hsa05161","Hepatitis B",142,0.463276810535377,1.78439305261193,4.10594761561617e-05,0.000277941069364787,0.000157921062139083,1996,"tags=28%, list=14%, signal=25%","3569/4790/6772/64135/7097/9586/4609/6776/6773/5293/4088/10000/23118/7042/3716/7189/4792/7124/3665/1385/843/3717/4318/3725/4615/468/6775/2185/673/1026/7187/6655/29110/5599/6774/841/3454/3845/6654/6777"
"hsa04650","Natural killer cell mediated cytotoxicity",85,0.541000165079624,1.93108238350882,4.70580353358394e-05,0.000312536385626707,0.000177577491833356,1284,"tags=24%, list=9%, signal=22%","3383/3455/1437/80329/3459/8795/8797/5293/2534/7409/3460/7124/154064/5880/80328/5336/135250/2185/673/6655"
"hsa05134","Legionellosis",52,0.608037694843699,1.99951675956662,4.92780199056787e-05,0.000321219685311091,0.000182511184835847,1739,"tags=38%, list=12%, signal=34%","2921/3569/4790/3553/7097/840/1195/1915/4792/7124/3592/834/4615/23786/718/3305/2920/4791/841/57396"
"hsa04210","Apoptosis",123,0.468741298956182,1.79182605304182,5.80264586866303e-05,0.000371369335594434,0.000211005304315019,1783,"tags=27%, list=12%, signal=24%","597/330/4790/8837/1647/840/7185/8795/8797/10039/5293/10000/2081/4792/7124/598/843/5366/3710/1520/3725/468/1519/8737/4217/3709/3708/331/329/5599/841/143/4170"
"hsa05206","MicroRNAs in cancer",174,0.431322125476752,1.70981505862037,6.22534462350977e-05,0.0003913073763349,0.00022233373655392,3346,"tags=36%, list=23%, signal=28%","4790/5328/5155/3678/7422/4609/5581/9839/27086/3690/6659/5293/1545/54541/4233/7042/1942/90427/6935/7168/6541/1956/5336/4318/1026/659/6655/4853/1021/3236/10253/9252/8434/7057/1399/6774/4170/3845/6654/8091/6093/5154/1387/406938/1591/599/23411/4082/472/5290/2033/1871/5291/23405/3551/25/5578/5962/3371/8626/5295/5292"
"hsa04520","Adherens junction",83,0.530309858360214,1.89336605072217,7.33056625204201e-05,0.000452694617669963,0.000257212850948843,3355,"tags=47%, list=23%, signal=36%","10627/64750/2534/57154/4088/4233/57493/1459/5795/5792/5797/1956/5880/7525/10163/1457/6591/8976/7082/6934/1003/3480/6093/4089/3643/1387/56288/8826/2033/7046/9475/5906/1500/87/6885/1495/889/11235/8936"
"hsa05131","Shigellosis",207,0.411615994390296,1.66555818005408,7.96243792573884e-05,0.000482601158003847,0.000274205203411277,3297,"tags=37%, list=22%, signal=29%","4790/1437/3553/10318/3678/9267/3099/5581/6352/10627/2308/10241/5293/10000/23118/81631/2309/7189/4792/7124/598/1956/5747/114548/3710/834/10163/5336/55062/9181/3725/4615/8976/257397/8737/718/9140/3709/3708/9252/3688/1399/64121/29110/5599/2932/7188/23236/22863/23048/6093/4303/23291/8767/5332/54874/8945/5289/472/5290/10392/1793/9474/5291/9475/3551/6198/80201/8915/5580/87/9265/5970/6885/27128/5295"
"hsa05165","Human papillomavirus infection",292,0.37680905903245,1.57152210827686,8.08905350063266e-05,0.000482601158003847,0.000274205203411277,2049,"tags=23%, list=14%, signal=20%","4599/4790/6772/3455/3918/3678/9586/7422/10379/5663/3673/5610/182/2308/6773/3690/3659/5293/10000/4600/1282/3685/3716/5520/7124/1385/3912/1956/84441/3910/5747/3675/5523/1284/8323/1288/1741/1026/3915/7187/3908/6655/4799/3516/55012/4853/6934/1021/1452/1739/23352/3688/7248/7057/29110/841/2932/3454/3696/3845/5584/7337/3914/6654/3676/3909/3134/1286"
"hsa05205","Proteoglycans in cancer",181,0.43118887871192,1.71938516018961,9.29595144733809e-05,0.000545362484910501,0.000309865048244603,2245,"tags=28%, list=15%, signal=24%","6385/1839/5328/7097/3678/7422/4609/3673/3690/5293/10000/7409/4233/7042/3685/2247/5329/22808/287/7124/2549/1975/1956/5747/3710/5336/4318/8323/22800/673/1026/6655/3709/3708/867/1655/3236/10818/3688/7057/6774/4060/4659/4313/3845/6654/4087/3480/815/2335/6093"
"hsa05235","PD-L1 expression and PD-1 checkpoint pathway in cancer",79,0.530233260729986,1.87998302090599,0.000112925902894177,0.000651637997028696,0.000370248861948123,1114,"tags=23%, list=8%, signal=21%","4790/6772/10125/7097/3459/5293/29126/10000/3460/3716/7189/4792/1459/1956/3717/1457/3725/4615"
"hsa05144","Malaria",31,0.681966595185455,2.0076640397552,0.000118184219224477,0.000670981373661546,0.000381239416853151,1851,"tags=45%, list=13%, signal=40%","3569/3383/3553/7097/4233/7042/6347/7124/3592/4035/4615/7057/6401/1440"
"hsa04062","Chemokine signaling pathway",135,0.446737657378102,1.71417678155371,0.000120520399320749,0.00067338381842704,0.000382604442288091,3301,"tags=39%, list=22%, signal=30%","2921/6364/4790/6772/6372/6374/6352/4067/6773/5293/10000/7409/2309/6347/4792/56477/5747/3717/5880/6376/5336/2185/673/6655/2920/1399/6774/2932/3845/6654/23236/6777/3579/6093/2919/59345/56288/5332/5290/5291/2782/9475/3551/6367/5906/196883/5580/10235/5970/58191/5295/54331"
"hsa03050","Proteasome",42,-0.591405794834372,-1.89156379349562,0.000125844593668252,0.000692145265175383,0.000393264355213286,4029,"tags=62%, list=27%, signal=45%","10197/5686/5683/5710/5685/5699/5708/9491/5690/5694/5684/5705/5719/5689/51371/5693/5702/9861/5692/5688/5682/11047/5715/5704/5709/5691"
"hsa00630","Glyoxylate and dicarboxylate metabolism",27,-0.653830004635307,-1.92868262329348,0.000127892512221239,0.000692587143105788,0.000393515422219198,3633,"tags=59%, list=25%, signal=45%","5096/38/2731/847/84693/4191/54363/2653/39/84532/4190/9380/283871/132158/112817/6470"
"hsa03040","Spliceosome",136,-0.430671539060725,-1.70386161580143,0.000135364997482316,0.000721946653239016,0.000410196962067623,3426,"tags=34%, list=23%, signal=26%","6431/9775/10084/6626/6634/51503/24148/27258/10450/2521/5093/10907/6637/6635/23658/6633/9343/8175/84844/151903/22827/57819/6631/57461/79228/56949/9092/25804/84950/9410/6627/27339/6426/10189/6628/26121/51690/83443/6625/10523/4670/11338/6427/3303/3304/10929"
"hsa05332","Graft-versus-host disease",25,0.716159581029452,2.0124637240916,0.00016010981011011,0.000841173927742668,0.00047793973167197,622,"tags=16%, list=4%, signal=15%","3552/3569/3553/7124"
"hsa05418","Fluid shear stress and atherosclerosis",127,0.466112040035765,1.78863020933829,0.000169163380086258,0.00087566926162298,0.000497539353194875,1907,"tags=25%, list=13%, signal=22%","3552/6385/3383/4790/5327/3553/5155/7422/3690/5293/10000/1843/3685/6347/7124/4688/445/5747/5880/9181/4318/3725/659/4217/4780/4205/92/5599/6401/1003/4313/7056"
"hsa05130","Pathogenic Escherichia coli infection",179,0.419340829803074,1.66229320798907,0.000212639568146864,0.00108476997083618,0.000616346574338736,1906,"tags=23%, list=13%, signal=20%","3569/4790/9076/3553/9267/840/4690/8795/8797/100506658/2534/4645/23118/7189/9069/4792/7124/4642/114548/834/10163/9181/3725/4615/8976/257397/55971/8737/7082/4430/4643/10802/3688/4627/347733/5599/841/10686/7456/2149/5062"
"hsa05410","Hypertrophic cardiomyopathy",78,0.510795183811062,1.80606489898539,0.000286558849057589,0.0014409816409753,0.000818739568735968,2396,"tags=33%, list=16%, signal=28%","3569/3678/3673/3690/7171/7042/3685/7124/51422/7168/489/8082/3675/5565/59284/3908/6546/59285/3688/3696/3676/4842/6443/8910/3672/6444"
"hsa00620","Pyruvate metabolism",41,-0.57703470219338,-1.84487803471779,0.000394016359053613,0.0019534332167165,0.00110990523677074,2611,"tags=56%, list=18%, signal=46%","5160/2739/5315/38/127/197257/4191/10327/223/97/3029/5091/98/3945/39/84532/2271/4190/9380/5162/224/126/130"
"hsa01240","Biosynthesis of cofactors",130,-0.414339701027976,-1.62825296924225,0.000464758554946563,0.00227215293529431,0.00129099598596267,2943,"tags=38%, list=20%, signal=30%","51805/2990/250/145226/790/9054/80308/5498/4143/1355/5373/4830/1719/23498/2677/112724/8836/10327/4833/2356/1723/5805/4338/7390/29926/154807/203/587/27235/55191/387787/210/57026/79001/124454/29925/1728/441024/55163/2937/4832/23475/326625/3145/6697/51117/7389/224/6470"
"hsa04917","Prolactin signaling pathway",61,0.529285129779167,1.79387643403792,0.00049581816817194,0.00239079445474689,0.0013584059401971,1996,"tags=28%, list=14%, signal=24%","4790/6772/6776/3659/5293/10000/8835/2309/3717/9306/6655/5599/6774/2932/3845/6654/6777"
"hsa05163","Human cytomegalovirus infection",191,0.393471482208577,1.57722558837386,0.000541265241563565,0.00257466709500507,0.00146287903125288,2245,"tags=25%, list=15%, signal=21%","3569/4790/3553/9586/7422/4609/6890/6352/3690/5293/10000/3685/6347/3716/4792/7124/1385/1956/5747/5880/6376/3710/6891/468/2185/1026/8737/6655/3709/3708/1021/7248/1399/29110/6774/841/2932/3588/7188/3845/6654/23236/3134/3579/10672/5533/6093"
"hsa00860","Porphyrin metabolism",32,-0.598196641759526,-1.82744429521724,0.000556175803650032,0.00261031843846415,0.00148313547640008,5098,"tags=69%, list=35%, signal=45%","7367/7364/211/3052/2512/1371/2235/54575/645/7366/644/2990/5498/1355/2395/3163/7390/210/124454/326625/3145/7389"
"hsa04012","ErbB signaling pathway",82,0.494877607346752,1.76255182074619,0.000704214068580409,0.00326162305447768,0.00185319491731687,1996,"tags=32%, list=14%, signal=28%","1839/4609/7039/6776/2069/4690/5293/27/10000/2549/1956/5747/5336/3725/673/1026/6655/867/868/1399/5599/2932/5062/3845/6654/6777"
"hsa05132","Salmonella infection",232,0.375245385409034,1.5290256744717,0.000817162994110028,0.0037356022587887,0.00212250128340267,1745,"tags=18%, list=12%, signal=16%","330/3569/4790/3553/7097/9267/4609/5420/840/10627/8795/8797/5293/51429/10000/23118/7189/4792/7124/55770/3831/3800/114548/834/1781/3725/4615/8976/257397/8737/9367/6934/1783/329/5868/347733/3798/5599/79026/841/3840/9648"
"hsa03410","Base excision repair",43,-0.559816692346176,-1.79924373692328,0.000931569173559933,0.00417078125884077,0.0023697620788868,2750,"tags=58%, list=19%, signal=47%","7515/4595/57804/7374/55247/5984/328/5985/23583/5426/5983/3146/2237/5427/5425/252969/5982/4350/4968/11284/56655/5111/5424/3978/4913"
"hsa05135","Yersinia infection",127,0.435701721448806,1.67193548826637,0.000936056021160286,0.00417078125884077,0.0023697620788868,2274,"tags=29%, list=15%, signal=25%","3569/4790/3553/3678/64283/5293/10000/7409/6196/23118/6347/7189/4792/7124/8394/5747/5880/114548/834/10163/3725/4615/8976/2185/8935/925/3688/1399/29110/5599/2932/7456/3676/147179/2335/6093/8874"
"hsa01200","Carbon metabolism",100,-0.433138853178052,-1.62814184926406,0.00100132503153903,0.00436858170761756,0.00248214869750998,3992,"tags=46%, list=27%, signal=34%","3419/83440/6392/2806/5160/55753/7167/5315/5096/2821/26275/38/6390/2731/2023/847/226/6389/84693/4191/3418/2597/54363/5211/2203/25796/5091/1892/7086/5634/6888/3421/2653/39/84532/8802/5631/3420/35/2271/4190/2539/5162/283871/132158/6470"
"hsa04517","IgSF CAM signaling",241,0.368921312933719,1.51103574623146,0.00100527022249154,0.00436858170761756,0.00248214869750998,3226,"tags=33%, list=22%, signal=26%","3383/3897/3678/4897/4067/4690/10627/2308/3690/5293/2534/4133/8506/10000/3556/7409/287/7189/6711/9788/50848/5817/5792/5921/5747/7204/57522/1000/5336/3786/79827/23607/8976/219699/9693/7082/55558/84063/3688/4627/347733/351/5599/2932/5062/5584/9414/3676/4155/6586/8573/8500/4868/23705/3384/8828/5789/56288/6091/10666/8826/5290/1525/5291/5781/6334/8777/23426/4478/2037/25/5170/84623/51735/5578/5906/3684/87/5962"
"hsa04140","Autophagy - animal",156,0.395345688240748,1.55278437493108,0.00105525603465963,0.00452987956341695,0.0025737952064869,2894,"tags=36%, list=20%, signal=29%","10133/8837/10241/5293/55255/54541/10000/10010/55014/81631/22808/7189/2081/8897/203228/598/29982/8887/83452/8417/55062/4077/22800/9140/3708/23710/51100/53349/9821/7248/64121/8408/29110/5599/10645/58476/3845/23001/22863/116442/3480/7405/3476/9451/1508/27072/9706/55578/3091/3920/9776/5289/140775/5290/9474/5291"
"hsa05020","Prion disease",219,-0.358642852464205,-1.48745190720628,0.00108293050240038,0.00459266911861365,0.00260947109012139,2768,"tags=37%, list=19%, signal=31%","5690/5694/5684/6300/84617/6389/5705/776/10381/10963/1345/6647/1340/29796/51079/7277/10376/4723/1327/4710/5719/1349/203068/5689/1350/4700/292/4725/291/5693/10105/5702/4704/9861/84790/5692/4705/4731/4702/4701/5688/4714/5682/2905/11047/4718/4696/5715/7384/4712/4707/5704/4728/1337/581/10383/4716/126328/4708/7419/10382/1537/1535/27089/9377/572/1329/4713/4726/4706/4722/5709/4717/374291/10975/1351/54539/4695/5691/3303/3304/5296"
"hsa05215","Prostate cancer",98,0.465244737235947,1.70796088478823,0.00110933659112328,0.00464864857232612,0.00264127759791257,2100,"tags=27%, list=14%, signal=23%","4790/5327/4824/5328/5155/9586/7039/2308/5293/10000/4792/6935/1385/1956/4318/468/673/1026/6655/6934/2932/3845/6654/56034/7113/3480"
"hsa04722","Neurotrophin signaling pathway",116,0.432616032416503,1.63779336693095,0.00123868104806799,0.00512959681082274,0.00291454364251292,1952,"tags=23%, list=13%, signal=20%","3656/4790/5663/10782/5293/10000/11213/10019/6196/2309/7189/4792/11108/2549/5336/3725/468/673/6655/4217/10818/9252/1399/5599/2932/3845/6654"
"hsa04940","Type I diabetes mellitus",31,0.617890413786826,1.81902804774759,0.00146339649232221,0.00598907722567536,0.00340288478731555,2097,"tags=26%, list=14%, signal=22%","3552/3553/7124/3592/5799/3134/3117/3382"
"hsa04110","Cell cycle",152,-0.374748042146311,-1.50096235986475,0.00148025488248226,0.00598907722567536,0.00340288478731555,2313,"tags=28%, list=16%, signal=24%","5528/993/9319/7043/3065/4175/4171/1663/990/4176/1019/896/4998/10459/113130/995/9978/9133/1869/9700/4173/1870/8379/5347/8318/2810/6502/5518/9088/51343/10912/898/4172/9212/51529/991/51433/81620/5111/29882/4174/891/1031"
"hsa04623","Cytosolic DNA-sensing pathway",60,0.515093852452783,1.74830647443574,0.00155912380709613,0.00623649522838451,0.00354346319794575,1735,"tags=27%, list=12%, signal=24%","3569/4790/3553/3428/840/6352/103/25939/4792/3665/114548/834/8737/661/29110/841"
"hsa04068","FoxO signaling pathway",117,0.429765366658966,1.6276487960411,0.0018027994465125,0.00713017309182473,0.00405123471126405,2930,"tags=38%, list=20%, signal=30%","6648/3569/3575/1647/2308/5293/5106/4088/10000/10769/7042/2309/51422/1956/5565/7874/673/1026/1030/6655/9140/23710/5896/114907/5599/6774/3845/6654/6446/3480/6789/9455/4089/3643/4303/1387/23411/472/9456/5290/2033/901/5291/7046"
"hsa04142","Lysosome biogenesis",229,-0.338848022941095,-1.41531833749888,0.00183151015234599,0.0071632397069532,0.00407002256076886,2396,"tags=27%, list=16%, signal=23%","3916/2030/54/4758/51382/6556/410/55330/3373/768239/9296/6448/4668/1211/162/114881/64601/9179/10053/23659/219931/1173/84572/9374/2717/9907/8372/6609/23457/4669/55004/160/10542/64223/155066/3425/1201/79641/2647/1509/55353/389541/8907/1212/533/1186/8692/1175/10312/527/54982/9114/57192/112936/55317/84335/84286/51172/9894/537/23557"
"hsa05208","Chemical carcinogenesis - reactive oxygen species",179,-0.359746626674767,-1.45882564254417,0.00208942711863613,0.00808217962373537,0.004592147513486,2755,"tags=41%, list=19%, signal=34%","7386/1109/847/2948/6300/6389/8517/1345/6647/1340/29796/51079/4723/1327/4710/1349/52/10327/4257/1350/4700/2052/292/4725/291/79852/10105/4704/2939/5609/3265/4705/4731/4702/27035/4701/9446/4258/4714/4718/207/4696/7384/4712/9817/4707/1728/4728/1337/4716/2952/126328/4708/7419/1537/1535/27089/9377/572/10861/1329/4713/4726/4706/4722/4717/374291/10975/1351/54539/4695/873/5296"
"hsa05212","Pancreatic cancer",76,0.478509656992062,1.68545030818338,0.00213616104441943,0.00814376986334339,0.00462714196780874,3045,"tags=41%, list=21%, signal=33%","4790/6772/7422/7039/1647/5293/4088/10000/7042/3716/5337/598/1956/5880/673/1026/1021/51426/5599/6774/3845/4087/5898/4089/9459/5290/1871/5291/7046/3551/6198"
"hsa04066","HIF-1 signaling pathway",91,0.452827844243866,1.64339387761758,0.00215162101503107,0.00814376986334339,0.00462714196780874,3297,"tags=38%, list=22%, signal=30%","3569/4790/5054/7422/3099/3459/5293/10000/3460/1956/5336/405/1026/6774/112399/2034/5214/6513/5163/3480/815/3643/1387/2026/3091/5290/2033/5291/7037/6198/80201/5578/5970/8569/5295"
"hsa04931","Insulin resistance",99,0.452495212504594,1.66950070652649,0.00218404061095464,0.00817853505378757,0.00464689491692476,1023,"tags=19%, list=7%, signal=18%","3569/4790/9586/5581/2673/79660/2308/5293/5106/10000/6196/9945/4792/7124/51422/1385/5792/8473/5565"
"hsa03420","Nucleotide excision repair",60,-0.480647874959627,-1.66688943870924,0.00236192970081039,0.00875157110195007,0.00497248358065345,2973,"tags=43%, list=20%, signal=35%","7507/2067/2068/5984/2968/6118/6119/5985/5437/5426/5439/5983/9978/5427/5425/5982/5432/1069/5434/56655/5441/5438/5111/5424/5435/3978"
"hsa04660","T cell receptor signaling pathway",98,0.445534498635147,1.63560258846442,0.00281927131533969,0.0103373281562455,0.00587348190695768,1952,"tags=27%, list=13%, signal=23%","4790/1437/10125/4690/5293/2534/10000/1326/7409/5520/4792/7124/5523/3725/7006/6655/55012/84433/925/1739/868/5599/2932/5062/3845/6654"
"hsa05203","Viral carcinogenesis",156,0.377090788079305,1.48108529086429,0.00290142340651965,0.0105288766917002,0.00598231630210238,2113,"tags=26%, list=14%, signal=22%","4790/6672/9586/10379/6776/5610/7185/4067/5293/9734/3716/4792/3665/1385/5366/2965/5966/7874/3725/468/1026/7187/1030/718/3516/1021/1739/23352/4791/6774/841/5423/2967/2960/7188/3845/7337/6777/3134/2961"
"hsa04820","Cytoskeleton in muscle cells",184,0.362904805063983,1.44833261966614,0.00295962257986581,0.0106304811031915,0.0060400460813588,2430,"tags=23%, list=17%, signal=20%","6385/3678/272/3673/84665/23002/3690/7171/1730/1282/3685/287/27063/6711/29767/7168/8082/114793/3675/481/1284/1289/1290/1288/3908/10529/3688/7057/4627/2274/3696/1829/3676/2200/7111/1286/2335/6443/8910/1292/3672/6444/1832"
"hsa00980","Metabolism of xenobiotics by cytochrome P450",50,-0.501677411677448,-1.68836276570425,0.00308895210203433,0.0109829408072332,0.00624030727683703,2258,"tags=54%, list=15%, signal=46%","4259/54575/221/1645/7366/2941/127/874/2948/22977/4257/374875/2052/2939/1559/373156/218/9446/4258/222/2950/246181/2952/8574/873/126/130"
"hsa00100","Steroid biosynthesis",19,-0.673402569173924,-1.80350337374155,0.0038741510203396,0.0136370115915954,0.0077483020406792,3151,"tags=63%, list=21%, signal=50%","3930/1595/2222/6713/10682/4047/6307/1718/1717/50814/7108/51478"
"hsa01521","EGFR tyrosine kinase inhibitor resistance",75,0.47191003661988,1.65510073283167,0.00431080168461347,0.0150237840889499,0.00853624095963063,2100,"tags=32%, list=14%, signal=28%","3569/5155/7422/7039/5293/10000/4233/2309/2247/3716/598/558/2549/1956/3717/5336/673/6655/6774/2932/3845/6654/56034/3480"
"hsa04218","Cellular senescence",151,0.388414562840488,1.51532292639424,0.00456745261542917,0.0157621894179516,0.00895578944201797,1451,"tags=15%, list=10%, signal=14%","3552/3569/4790/5054/2113/4609/1647/2308/5293/4088/10000/7042/2309/22808/677/10111/3710/22800/1026/1030/3709/3708/1021"
"hsa00071","Fatty acid degradation",40,-0.518937672339449,-1.65202439069628,0.00476583947976452,0.0162871407463797,0.00925405724226121,2116,"tags=28%, list=14%, signal=24%","223/3033/1632/1892/39/2639/30/35/224/126/130"
"hsa05010","Alzheimer disease",324,-0.313320236601044,-1.37008878967112,0.00499683676947103,0.0169123706043635,0.00960930147975197,2908,"tags=35%, list=20%, signal=29%","7976/7386/64837/637/5690/5694/5684/84617/6389/5705/776/8517/10381/1345/23621/5664/2597/1340/29796/51079/7277/10376/1855/4723/1327/6622/7132/4710/5719/1349/203068/10297/801/5689/4041/823/1350/4700/292/4725/291/51107/5693/10105/23130/5702/4704/9861/22943/84790/8325/5609/55851/3265/5692/4705/4731/4702/27035/4701/283375/5688/4714/1020/5682/91252/8326/2905/11047/4718/207/4696/5715/7384/4712/4707/23401/5704/4728/1337/1856/10383/4716/55630/4311/8321/126328/4708/7419/10382/3028/1537/26100/5331/2535/27089/9377/572/1329/4713/4726/4706/4722/10023/5709/4717/374291/10975/1351/54539/4695/5691/29985/5296"
"hsa05412","Arrhythmogenic right ventricular cardiomyopathy",70,0.472770324409171,1.64453245771003,0.00527425382778675,0.0176813080702946,0.0100461977672129,2430,"tags=34%, list=17%, signal=29%","3678/3673/3690/3685/489/8082/1000/3675/2697/59284/3908/6934/6546/59285/3688/3696/1829/3676/4842/6443/8910/3672/6444/1832"
"hsa05221","Acute myeloid leukemia",59,0.490516563890923,1.65819271621235,0.00556664472715069,0.0183127004108135,0.0104049434152349,1996,"tags=27%, list=14%, signal=24%","597/4790/1437/4609/6776/5293/10000/861/673/6655/5371/6934/6774/3845/6654/6777"
"hsa05211","Renal cell carcinoma",63,0.485328957789088,1.64346273593529,0.00552005356712499,0.0183127004108135,0.0104049434152349,2965,"tags=44%, list=20%, signal=36%","5155/2113/7422/7039/5293/10000/4233/7042/2549/405/3725/673/1026/6655/1399/112399/2034/5062/3845/6654/6513/9915/1387/3091/5290/2033/5291/5781"
"hsa05220","Chronic myeloid leukemia",76,0.452092673591236,1.59240200254608,0.00563741653339627,0.018373802034773,0.0104396602470301,1996,"tags=30%, list=14%, signal=26%","4790/4609/6776/1647/5293/4088/1488/10000/861/7042/4792/598/9846/673/1026/6655/867/1021/51426/1399/3845/6654/6777"
"hsa05110","Vibrio cholerae infection",47,-0.494902909328564,-1.63264757349329,0.00590678424907668,0.0190303765101319,0.0108127139262113,3994,"tags=49%, list=27%, signal=36%","23480/50617/5566/8992/5567/525/9601/29927/51606/529/51382/9296/2778/60/10952/6558/155066/533/375/10312/527/9114/537"
"hsa04936","Alcoholic liver disease",112,0.420849198941523,1.59582814484377,0.00594699265941622,0.0190303765101319,0.0108127139262113,1809,"tags=24%, list=12%, signal=21%","2921/3569/4790/3553/2308/10000/23118/2309/7189/4792/7124/51422/3592/5565/4615/257397/7187/8737/718/4217/6934/2920/29110/5599/841/10645/2932"
"hsa04610","Complement and coagulation cascades",60,0.473402427348608,1.60679946927349,0.00682623085823106,0.0216471465053814,0.0122995150598758,2186,"tags=28%, list=15%, signal=24%","5327/5054/5328/715/629/716/84830/5329/1604/2152/718/2149/7056/710/624/966/5270"
"hsa05143","African trypanosomiasis",25,0.612688860345676,1.72170300902528,0.00730436858813803,0.0229565869912909,0.0130435153359608,1995,"tags=40%, list=14%, signal=35%","3569/3383/3553/7124/3910/3592/4615/6401/3620/23236"
"hsa00480","Glutathione metabolism",48,-0.483744515927245,-1.61299575169326,0.00757350937543259,0.0233848710539673,0.0132868585533905,3596,"tags=56%, list=24%, signal=43%","2941/2678/2882/494143/9588/290/2936/2948/2686/79017/3418/2877/2878/4257/124975/6241/51060/2939/373156/9446/4258/2950/2952/2937/2539/2876/6723"
"hsa04721","Synaptic vesicle cycle",61,-0.446858740860714,-1.55454302811673,0.00752973186459194,0.0233848710539673,0.0132868585533905,3873,"tags=41%, list=26%, signal=30%","50617/10815/8992/161/5864/6538/8775/525/26052/51606/529/1785/51382/9296/1211/1759/1173/160/155066/1212/533/1175/10312/527/9114"
"hsa00982","Drug metabolism - cytochrome P450",43,-0.502528944919478,-1.61512164451488,0.00816257540339602,0.0249845786260469,0.0141957833102539,4141,"tags=49%, list=28%, signal=35%","4259/54575/221/7366/2941/2330/4129/127/2948/4257/2939/1559/373156/218/9446/4258/222/2950/2952/126/130"
"hsa00510","N-Glycan biosynthesis",54,-0.465955604603784,-1.58860008133764,0.00835803972280914,0.0253623274347312,0.0144104133151882,2269,"tags=37%, list=15%, signal=31%","8704/1798/22845/200185/746/11282/79053/100128731/6185/4245/54344/6184/10195/56052/199857/7841/57171/79087/8818/146664"
"hsa04360","Axon guidance",168,0.374751989556565,1.48044983707614,0.00856773096429155,0.0257764213626549,0.0146456939560539,3146,"tags=31%, list=21%, signal=25%","3897/10509/8482/22885/4690/10627/59277/5293/2534/4233/1942/54434/27289/10512/9860/10371/5921/5747/5880/57522/6259/5336/2048/219699/7220/659/1969/55558/3688/2932/5062/3845/6586/815/5533/6093/55740/54910/56288/4756/6091/85464/5534/5290/5291/5727/9475/5781/1948/25/5170/5578"
"hsa04710","Circadian rhythm",30,0.5703000807087,1.67867810447509,0.00885404056144391,0.0264120532002395,0.015006848409227,4330,"tags=70%, list=29%, signal=50%","9975/51422/8553/4783/1385/5565/79365/23291/8945/4862/1407/9572/6095/26224/5563/1454/9575/5187/5564/5562/1408"
"hsa03020","RNA polymerase",31,-0.54538093263531,-1.65605676606707,0.00893518484856994,0.026430126610896,0.0150171173925545,1898,"tags=32%, list=13%, signal=28%","5437/5439/171568/5432/9533/51728/5434/5441/5438/5435"
"hsa05022","Pathways of neurodegeneration - multiple diseases",401,-0.287849852893,-1.28474503563024,0.00926049961545786,0.0271641322053431,0.0154341660257631,2908,"tags=31%, list=20%, signal=26%","7976/2521/6712/10131/7386/64837/637/5690/5694/5684/847/6300/84617/6389/5705/776/10121/10381/1345/6647/5664/1340/29796/51079/2877/7277/10376/84557/1855/4723/1327/6622/7132/4710/5719/1349/203068/9973/816/10297/2878/801/5689/4041/823/1350/4700/292/4725/291/7311/5693/10105/23130/5702/4704/9861/10120/22943/84790/8325/5609/3265/5692/4705/7314/7415/4731/4702/27035/4701/5688/4714/1020/5682/8326/2905/11047/118424/4718/11315/4696/5715/7384/4712/4707/23401/5704/4728/1337/1856/10280/581/10383/4716/8321/126328/4708/7419/10382/3028/1537/26100/5331/2535/27089/9377/572/10452/2876/1329/11258/4713/4726/4706/4722/10023/5608/5709/4717/374291/10975/1351/54539/4695/5691"
"hsa04392","Hippo signaling pathway - multiple species",27,0.594825988826127,1.70655154479128,0.00948701240867878,0.0275985815525201,0.0156810122457501,3894,"tags=56%, list=26%, signal=41%","122786/23286/60485/84962/9113/166824/26524/92597/6788/83937/7003/5058/1454/79633/10413"
"hsa00130","Ubiquinone and other terpenoid-quinone biosynthesis",12,-0.69125096103116,-1.65725223081637,0.010846415181695,0.0312945749504642,0.0177810084945819,3667,"tags=83%, list=25%, signal=63%","3242/10229/51805/6898/2677/154807/27235/79001/1728/51117"
"hsa05207","Chemical carcinogenesis - receptor activation",161,0.361868084701385,1.4204260161837,0.0109586544418791,0.0313613525491176,0.0178189503119986,2031,"tags=20%, list=14%, signal=18%","4790/154/9586/7422/4609/6776/7421/182/1543/5293/1545/54852/10000/6196/402569/2247/1385/1956/3717/405/3725/468/6655/89832/1143/4853/331/6774/3840/3845/6654/6777/9314"
"hsa05219","Bladder cancer",39,0.518478972239006,1.61981181864013,0.0126329555702498,0.0358612932316769,0.0203757347907255,1924,"tags=33%, list=13%, signal=29%","1839/7422/4609/4312/1956/4318/673/1026/9252/7057/1890/4313/3845"
"hsa00030","Pentose phosphate pathway",27,-0.534435772625472,-1.57649080131174,0.0135026579641608,0.0380234848270769,0.0216042527426574,2719,"tags=41%, list=18%, signal=33%","226/23729/5211/2203/25796/7086/5634/6888/5631/2539/132158"
"hsa00563","Glycosylphosphatidylinositol (GPI)-anchor biosynthesis",28,-0.540059259627934,-1.59053365480328,0.0139742992656022,0.0390393122340633,0.0221814274057178,3268,"tags=50%, list=22%, signal=39%","54872/80235/51604/284098/5279/128869/54965/2822/93183/27315/93210/8733/8818/9091"
"hsa00062","Fatty acid elongation",23,-0.578501679742933,-1.64272932325011,0.0145184057415486,0.0402381992907271,0.0228626132333677,2674,"tags=43%, list=18%, signal=36%","51102/641371/10965/79071/3033/1892/9374/11332/83401/9524"
"hsa05210","Colorectal cancer",85,0.420505804555281,1.500981707132,0.0146320724693553,0.0402381992907271,0.0228626132333677,2047,"tags=26%, list=14%, signal=22%","4609/7039/1647/2069/5293/4088/10000/7042/1956/5366/5880/3725/673/1026/6655/6934/51426/5599/2932/3845/6654/4087"
"hsa01040","Biosynthesis of unsaturated fatty acids",23,-0.574713399518598,-1.63197201825496,0.015901071067438,0.0430552078133707,0.024463186257597,2869,"tags=43%, list=19%, signal=35%","6319/641371/10965/79071/9415/570/11332/30/83401/9524"
"hsa01523","Antifolate resistance",28,0.555811269389929,1.61651222071877,0.0158491821044407,0.0430552078133707,0.024463186257597,793,"tags=18%, list=5%, signal=17%","3569/4790/3553/7124/2618"
"hsa04662","B cell receptor signaling pathway",64,0.43594457870894,1.47695057248002,0.0160408690062287,0.0431021823678818,0.0244898763453874,1952,"tags=28%, list=13%, signal=25%","4790/25780/4067/5293/10000/7409/4792/5880/5336/3725/6655/8519/84433/27071/2932/118788/3845/6654"
"hsa04976","Bile secretion",59,-0.425322436336976,-1.46965375378702,0.0164773390118418,0.0439395706982447,0.0249656651694572,3822,"tags=37%, list=26%, signal=28%","5566/6550/7366/5567/3156/8671/9971/949/107/483/5244/570/2052/2778/1244/123264/6256/486/478/358/111/6522"
"hsa04137","Mitophagy - animal",96,0.406598118742207,1.48841637683011,0.0166065408955809,0.043951145828906,0.024972241948242,2373,"tags=33%, list=16%, signal=28%","10133/10241/64750/57154/81631/2309/22808/598/1459/665/10370/8887/25820/9958/1457/3725/468/4077/22800/23786/23710/4286/5868/8408/29110/5599/3845/9101/9451/55288/64786/10075"
"hsa00900","Terpenoid backbone biosynthesis",22,-0.593785555126838,-1.66055286275482,0.0176910762061621,0.0464720807803661,0.0264045913524808,3438,"tags=50%, list=23%, signal=38%","3157/3156/38/23590/9986/3422/39/23463/10654/4597/4598"
"hsa04920","Adipocytokine signaling pathway",60,0.436489028026089,1.4815098065806,0.0190437943794134,0.0496549305300261,0.0282130287102421,1953,"tags=25%, list=13%, signal=22%","4790/7133/5106/10000/4792/7124/51422/2182/3717/5565/2180/5599/6774/10645/6513"
