Name,Term,ES,NES,NOM p-val,FDR q-val,FWER p-val,Tag %,Gene %,Lead_genes
prerank,Cytokine-cytokine receptor interaction,0.6620127495392418,2.6036091838235285,0.0,0.0,0.0,43/154,6.89%,IL36G;IL1A;CXCL3;IL6;CCL20;IFNAR2;CSF2;IL1B;OSMR;CXCL6;INHBA;TNFRSF9;IL7R;CXCL5;IFNGR1;BMP2;CCL5;TNFRSF1B;LIF;IL1RN;TNFRSF10B;TNFRSF10A;IL15RA;IL20RB;IL11;IL1RAP;LIFR;IL13RA1;IFNGR2;TGFB2;CCL2;IL15;IL23A;IL4R;TNF;CSF1;INHBE;CCL28;IL32;TNFSF14;IL31RA;IL12A;CX3CL1
prerank,TNF signaling pathway,0.6823531022210856,2.5458885637535293,0.0,0.0,0.0,46/109,12.38%,BIRC3;CXCL3;IL6;CCL20;ICAM1;NFKB1;CSF2;IL1B;TNFAIP3;CXCL6;CREB5;CFLAR;CXCL5;CASP7;VEGFC;TRAF1;CCL5;JAG1;TNFRSF1B;LIF;IRF1;PIK3CD;AKT3;MAP3K8;TAB2;CCL2;IL15;NFKBIA;TNF;CSF1;CREB1;ITCH;CASP10;CX3CL1;MMP9;JUN;ATF4;TAB3;TRAF3;RIPK1;MAP3K5;RPS6KA5;CXCL2;BIRC2;MAPK8;CASP8
prerank,Herpes simplex virus 1 infection,0.5798212341292087,2.5378414588919274,0.0,0.0,0.0,220/439,21.95%,BIRC3;IL6;DDX58;NFKB1;STAT1;IFNAR2;IFIH1;IL1B;OAS3;TLR2;SP100;ITGA5;ZFP28;IRF9;TAP1;IFNGR1;ZNF285;EIF2AK2;ZNF641;OAS1;CCL5;ZNF549;ZNF432;STAT2;ITGB3;PIK3CD;ZNF674;ZNF160;ZNF561;ZFP37;ZNF627;ZNF222;ZNF624;AKT3;ZNF671;ZNF350;IFNGR2;TAB2;ZNF419;ZNF543;ZNF311;ZNF773;ZNF583;ZNF470;ZNF615;ZNF304;CCL2;JAK1;TRAF6;ZFP90;ZNF473;ZNF430;RBAK;NFKBIA;ZNF623;TNF;ZNF573;ZNF175;BCL2L1;ZNF229;IRF7;ZNF550;ZNF585B;ZNF567;ZFP1;ZNF616;ZNF284;ZNF791;ZNF382;ZNF436;ZNF585A;ZNF14;ZNF2;ZNF568;ZNF25;ZNF211;ZNF570;ZNF595;ZNF416;TNFSF14;ZNF184;JAK2;ZNF426;SRPK1;IL12A;ZNF562;ZNF12;ZNF19;ZNF772;ZNF613;ZNF57;ZNF649;ZNF766;ZNF555;TAP2;ZNF548;ZNF267;ZNF621;ZNF44;ZNF845;ZNF7;ZNF699;ZNF417;ZNF17;MYD88;ZNF619;ZNF441;ZNF571;ZNF3;ZNF283;ZNF484;ZNF805;ZNF700;TRAF3;C3;ZNF564;ZNF606;ZNF317;ZNF254;ZNF614;ZNF227;ZNF510;ZNF765;ZNF233;ZNF529;POU2F3;ZNF136;HCFC2;PML;ZNF611;ZNF91;ZNF460;ZNF383;ZNF354A;ZNF565;ZNF235;ZNF490;TSC1;ZNF708;BIRC2;ZNF182;ZNF23;ZNF343;TBK1;CASP8;ZNF30;ZNF83;ZNF286A;ZNF256;ZNF620;IFNAR1;ZNF841;ZNF300;TRAF5;ZNF155;ZNF333;HLA-DQA1;HLA-F;ZNF879;ZNF577;EIF2AK3;ZNF181;ZNF721;ZNF223;ZNF836;ZNF33A;ZNF669;ZSCAN32;IKBKE;ZNF224;ZNF45;ZNF169;ZNF527;TLR3;ZFP30;ZFP82;ZNF420;ZNF189;ZNF221;ZNF850;ZNF630;ZNF823;ZNF799;ZNF471;ZNF547;ZNF226;ZNF792;ZNF320;ZNF10;ZNF816;ZNF461;ZNF607;ZNF225;ZNF337;TICAM1;ZNF486;ZNF737;ZNF790;PIK3CA;ZNF569;HLA-B;PIK3CB;ZNF439;RNASEL;ZNF558;ZNF250;OAS2;ZNF587;ZNF600;PTPN11;ZNF418;ZNF79;ZNF605;ZNF195;ZNF37A;IKBKB;ZNF778;ZNF140;ZNF551;ZNF853
prerank,NF-kappa B signaling pathway,0.6947525063014774,2.512805198766259,0.0,0.0,0.0,35/85,11.87%,BCL2A1;BIRC3;TRIM25;CXCL3;DDX58;ICAM1;NFKB1;IL1B;PLAU;TNFAIP3;CFLAR;CYLD;GADD45A;TRAF1;LYN;TAB2;TRAF6;NFKBIA;RELB;TNF;BCL2L1;CSNK2A2;TNFSF14;PLCG2;CSNK2A1;MYD88;TAB3;TRAF3;RIPK1;CARD11;LTB;CXCL2;XIAP;NFKB2;BIRC2
prerank,Oxidative phosphorylation,-0.6623225964606406,-2.49061734868208,0.0,0.0,0.0,63/95,24.22%,ATP6AP1;NDUFA2;NDUFB11;COX8A;UQCR11;NDUFS7;NDUFC1;NDUFS3;NDUFAB1;NDUFS6;NDUFB7;ATP6V0D1;COX5B;ATP6V0C;COX5A;TCIRG1;UQCRQ;CYC1;ATP6V0B;NDUFB2;NDUFA11;NDUFB10;COX6A1;NDUFS8;NDUFB1;NDUFB6;ATP6V0E2;UQCRC1;NDUFA3;NDUFA4;NDUFC2;NDUFB8;NDUFA7;NDUFA8;NDUFV3;NDUFA10;COX11;NDUFA9;NDUFS5;NDUFA6;COX7C;ATP6V1F;COX7B;NDUFB4;COX4I1;NDUFV1;ATP6V1D;NDUFA13;UQCR10;COX6B1;COX6C;ATP6V1E1;COX15;ATP6V1H;SDHA;UQCRFS1;LHPP;UQCRHL;COX17;SDHB;ATP6V1B1;PPA2;NDUFV2
prerank,NOD-like receptor signaling pathway,0.6295807603966188,2.4423459633960043,0.0,0.0,0.0,51/140,12.38%,BIRC3;CXCL3;IL6;NFKB1;STAT1;IFNAR2;GBP1;IL1B;TNFAIP3;OAS3;IFI16;GBP3;IRF9;TXNIP;OAS1;CCL5;GBP5;STAT2;NAMPT;TANK;TAB2;CCL2;JAK1;TRAF6;NLRP1;NFKBIA;TNF;BCL2L1;IRF7;NLRP3;ANTXR1;ITPR3;CASP1;JUN;MYD88;TAB3;ANTXR2;PANX1;TRAF3;GBP4;RIPK1;ATG12;ITPR2;ITPR1;GABARAPL1;CXCL2;XIAP;BIRC2;TBK1;MAPK8;CASP8
prerank,Inflammatory bowel disease,0.7616600679998683,2.4331389915870534,0.0,0.0,0.0,17/47,7.92%,IL1A;IL6;NFKB1;STAT1;IL1B;TLR2;IFNGR1;SMAD3;IFNGR2;TGFB2;MAF;IL23A;IL4R;TNF;IL12A;STAT4;JUN
prerank,Influenza A,0.6174613507688748,2.41362411377656,0.0,0.0,0.0,36/138,6.98%,IL1A;MX1;TRIM25;IL6;DDX58;ICAM1;NFKB1;STAT1;IFNAR2;IFIH1;IL1B;OAS3;IRF9;IFNGR1;EIF2AK2;OAS1;CCL5;TNFRSF10B;TNFRSF10A;STAT2;ADAR;CALCOCO2;PIK3CD;AKT3;MX2;IFNGR2;KPNA7;CCL2;JAK1;NFKBIA;TNF;IRF7;NLRP3;JAK2;IL12A;CASP1
prerank,Pertussis,0.6974749637671112,2.411741924860883,0.0,0.0,0.0,20/63,9.09%,IL1A;IL6;NFKB1;IL1B;CXCL6;ITGA5;C1R;CXCL5;CASP7;C1S;IRF1;TRAF6;IL23A;TNF;NLRP3;IL12A;CASP1;JUN;MYD88;C3
prerank,JAK-STAT signaling pathway,0.6388943076336258,2.3920780629129346,0.0,0.0,0.0,46/107,14.26%,IL6;STAT1;IFNAR2;CSF2;PDGFB;OSMR;AOX1;IRF9;MYC;STAT5A;IL7R;IFNGR1;LIF;STAT2;PIK3CD;IL15RA;IL20RB;IL11;AKT3;LIFR;SOCS2;IL13RA1;IFNGR2;JAK1;IL15;IL23A;IL4R;BCL2L1;EGFR;JAK2;IL12A;SOCS6;STAT4;CDKN1A;CSF2RA;SOS2;STAM2;PTPN2;STAT3;MCL1;IFNAR1;IL7;CSF3;IL10RB;SOS1;STAT5B
prerank,Ribosome,-0.5952035509247624,-2.388812669967291,0.0,0.0,0.0,74/126,30.20%,MRPL34;MRPS18A;MRPL4;MRPL18;MRPL12;MRPL23;RPS15;MRPS12;MRPS11;MRPL16;FAU;RPS28;MRPL28;MRPS15;RPS9;MRPL11;MRPL20;MRPL3;MRPL27;RPS27L;MRPL35;RPLP2;RPL18;RPL13;UBA52;MRPL14;RPS21;RPS19;MRPL21;MRPS14;RPLP1;RPL8;MRPL2;RPS5;RPL18A;MRPL17;RPS26;MRPL24;MRPL13;RPS2;MRPS2;RPL29;RPL19;RPL35;RPS16;RPS29;RPL14;MRPL9;RPS14;RPL39;RPS7;RPL15;MRPS7;RPL10;RPL36;RPS8;MRPL19;RPL34;MRPL15;MRPS6;RPL24;MRPL22;RPL36AL;RPS23;RPS4Y1;RPS10;MRPL32;RPL26L1;RPS20;RPL6;RPSA;RPL3;MRPL1;MRPS16
prerank,Viral protein interaction with cytokine and cytokine receptor,0.7269952090450273,2.382733034799941,0.0,0.0,0.0,16/46,6.89%,CXCL3;IL6;CCL20;CXCL6;CXCL5;CCL5;TNFRSF1B;TNFRSF10B;TNFRSF10A;IL20RB;CCL2;TNF;CSF1;CCL28;TNFSF14;CX3CL1
prerank,Measles,0.6262698156419002,2.3502766471084064,0.0,0.0,0.0,43/111,13.11%,IL1A;MX1;IL6;DDX58;NFKB1;STAT1;IFNAR2;IFIH1;IL1B;TNFAIP3;OAS3;TLR2;IRF9;STAT5A;EIF2AK2;OAS1;STAT2;ADAR;PIK3CD;AKT3;MX2;TAB2;JAK1;TRAF6;NFKBIA;BCL2L1;IRF7;CSNK2A2;IL12A;CSNK2A1;JUN;MYD88;TRAF3;RAB9A;CDK6;HSPA1L;CBLB;TBK1;MAPK8;STAT3;CASP8;GSK3B;IFNAR1
prerank,Rheumatoid arthritis,0.6725384866252815,2.3497141371977626,0.0,0.0,0.0,20/73,5.02%,IL1A;CXCL3;IL6;CCL20;ICAM1;CSF2;IL1B;TLR2;CXCL6;VEGFA;CXCL5;CCL5;IL11;TGFB2;CCL2;IL15;IL23A;TNF;CSF1;MMP1
prerank,Leishmaniasis,0.6749982345058799,2.3022141779859404,0.0,0.0,0.0,20/59,9.09%,IL1A;NFKB1;STAT1;IL1B;TLR2;IFNGR1;IFNGR2;TAB2;TGFB2;JAK1;TRAF6;EEF1A1;NFKBIA;TNF;NCF2;JAK2;IL12A;JUN;MYD88;C3
prerank,Osteoclast differentiation,0.5965629570371073,2.23058965766447,0.0,0.0,0.0,29/98,8.50%,IL1A;NFKB1;STAT1;IFNAR2;IL1B;IRF9;CYLD;IFNGR1;STAT2;ITGB3;PIK3CD;FYN;AKT3;IFNGR2;TAB2;TGFB2;JAK1;TRAF6;NFKBIA;RELB;TNF;CSF1;FOSL2;NCF2;GAB2;CREB1;PLCG2;JUN;TEC
prerank,IL-17 signaling pathway,0.6212063753098539,2.1978593397900004,0.0,0.0,0.0,30/77,13.58%,CXCL3;IL6;CCL20;NFKB1;CSF2;IL1B;TNFAIP3;CXCL6;CXCL5;TAB2;CCL2;TRAF6;NFKBIA;TNF;MMP1;USP25;MMP13;MAPK6;MMP9;JUN;TAB3;TRAF3;CXCL2;TBK1;MAPK8;CASP8;FOSL1;GSK3B;CSF3;TRAF5
prerank,Necroptosis,0.5790057442242926,2.185080872728177,0.0,0.0,0.0,34/109,13.58%,IL1A;BIRC3;STAT1;IFNAR2;IL1B;TNFAIP3;IRF9;STAT5A;CFLAR;CYLD;IFNGR1;EIF2AK2;TNFRSF10B;TNFRSF10A;STAT2;CHMP4C;IFNGR2;PLA2G4C;JAK1;TNF;CHMP5;NLRP3;JAK2;CASP1;STAT4;RIPK1;PYGL;XIAP;BIRC2;MAPK8;STAT3;CASP8;IFNAR1;TRAF5
prerank,Coronavirus disease,0.5378710980562655,2.1716478541150757,0.0,0.0,0.0,39/184,9.09%,MX1;IL6;DDX58;NFKB1;STAT1;HBEGF;IFNAR2;CSF2;IFIH1;IL1B;OAS3;TLR2;C1R;IRF9;EIF2AK2;OAS1;CFB;C1S;STAT2;ADAR;PIK3CD;MX2;TAB2;CCL2;JAK1;TRAF6;NFKBIA;TNF;MMP1;ADAM17;EGFR;NLRP3;IL12A;CASP1;PLCG2;JUN;MYD88;TRAF3;C3
prerank,DNA replication,-0.6855591970540398,-2.1524625163068665,0.0,0.0,0.0,24/35,19.39%,LIG1;MCM5;POLD1;RNASEH2C;PCNA;POLE4;MCM3;RFC2;POLD2;POLE2;RNASEH2A;MCM4;FEN1;RFC3;MCM7;POLE;MCM2;MCM6;POLA2;RFC5;RPA3;RPA2;RNASEH1;RFC4
prerank,AGE-RAGE signaling pathway in diabetic complications,0.5876829156765729,2.1499262867247824,0.0,0.0,0.0,34/94,14.58%,IL1A;IL6;ICAM1;NFKB1;STAT1;SERPINE1;IL1B;VEGFA;STAT5A;VEGFC;PRKCE;FOXO1;PIK3CD;SMAD3;AKT3;COL4A1;TGFB2;CCL2;TNF;JAK2;PLCG2;F3;COL4A2;JUN;COL4A6;MAPK8;STAT3;MMP2;THBD;KRAS;PLCB1;STAT5B;COL4A4;SMAD2
prerank,RIG-I-like receptor signaling pathway,0.6506373353832591,2.1357206778204967,0.0,0.0,0.0,20/51,12.38%,TRIM25;DDX58;NFKB1;IFIH1;CYLD;TANK;TRAF6;NFKBIA;TNF;IRF7;CASP10;IL12A;AZI2;TRAF3;RIPK1;ATG12;DHX58;TBK1;MAPK8;CASP8
prerank,Kaposi sarcoma-associated herpesvirus infection,0.5267372360173941,2.067491611988043,0.0,6.039354405339282e-05,0.001,64/159,20.56%,CXCL3;IL6;ICAM1;NFKB1;STAT1;IFNAR2;CSF2;PDGFB;VEGFA;IRF9;MYC;IFNGR1;EIF2AK2;LYN;STAT2;PIK3CD;AKT3;FGF2;JAK1;NFKBIA;IRF7;CREB1;JAK2;RCAN1;ITPR3;PLCG2;JUN;CDKN1A;TRAF3;C3;ITPR2;ITPR1;GABARAPL1;TCF7L2;CDK6;ZFP36;CXCL2;TBK1;MAPK8;STAT3;CASP8;GSK3B;IFNAR1;KRAS;ATG14;HLA-F;PPP3CC;IL6ST;CXCL1;IKBKE;TLR3;CREBBP;GNB4;HIF1A;TICAM1;MAP2K4;PIK3C3;PPP3R1;PIK3CA;EP300;E2F3;HLA-B;PIK3CB;GNB1
prerank,C-type lectin receptor signaling pathway,0.5647964589630691,2.064116809286122,0.0,0.00011503532200646252,0.002,28/93,12.38%,IL6;NFKB1;STAT1;IL1B;IRF9;CYLD;STAT2;IRF1;PIK3CD;AKT3;MRAS;IL23A;NFKBIA;RELB;TNF;NLRP3;IL12A;ITPR3;CASP1;PLCG2;JUN;RRAS2;ITPR2;ITPR1;NFKB2;CBLB;MAPK8;CASP8
prerank,Th17 cell differentiation,0.5752296046639227,2.0578109046158795,0.0,0.00016470966560016222,0.003,26/83,17.37%,IL6;NFKB1;STAT1;IL1B;STAT5A;IFNGR1;SMAD3;IL1RAP;IFNGR2;RUNX1;JAK1;IL23A;IL4R;NFKBIA;JAK2;JUN;GATA3;MAPK8;STAT3;STAT5B;HLA-DQA1;SMAD2;PPP3CC;IL6ST;SMAD4;AHR
prerank,Hematopoietic cell lineage,0.6069108911174234,2.0557758134053734,0.0,0.00021006450105527937,0.004,21/58,14.27%,IL1A;IL6;CSF2;IL1B;ITGA5;IL7R;ITGA2;ITGB3;IL11;CD55;IL4R;TNF;CSF1;ITGA3;CSF2RA;FLT3LG;CD8A;IL7;CSF3;ITGA4;HLA-DQA1
prerank,Malaria,0.688281546033989,2.038488823334412,0.0,0.0003019677202669641,0.006,11/29,7.96%,IL6;ICAM1;IL1B;TLR2;MET;TGFB2;CCL2;TNF;IL12A;LRP1;MYD88
prerank,Transcriptional misregulation in cancer,0.5221967805126364,2.0335074793018713,0.0,0.0002898890114562855,0.006,53/138,17.24%,BCL2A1;BIRC3;IL6;NFKB1;PLAT;CSF2;PLAU;MYC;RUNX2;GADD45A;ETV7;TRAF1;FOXO1;NFKBIZ;ATF1;MET;RUNX1;MAF;BCL2L1;ZEB1;PTK2;ELK4;CCNT2;ETV6;REL;MMP9;CDKN1A;KDM6A;DDX5;PML;KLF3;CCNT1;SUPT3H;POLK;MLLT3;MITF;SS18;SMAD1;BIRC2;MEIS1;BMP2K;LMO2;HMGA2;TMPRSS2;SIX4;IGF1R;FUT8;JMJD1C;SIX1;FLI1;PDGFA;SIN3A;ARNT2
prerank,Lipid and atherosclerosis,0.5058659322293343,2.032770113433446,0.0,0.0002787394340925822,0.006,54/178,14.07%,SOD2;CXCL3;IL6;ICAM1;NFKB1;IL1B;TLR2;OLR1;CASP7;VLDLR;CCL5;LYN;TNFRSF10B;ABCA1;TNFRSF10A;CYP1A1;PIK3CD;AKT3;TANK;VAV1;TAB2;CCL2;TRAF6;ERN1;NFKBIA;TNF;BCL2L1;NCF2;IRF7;MMP1;NLRP3;PTK2;JAK2;IL12A;CASP1;MMP9;JUN;MYD88;ATF4;TRAF3;MAP3K5;NFE2L2;ITPR1;POU2F3;HSPA1L;CXCL2;TBK1;MAPK8;STAT3;CASP8;GSK3B;KRAS;PLCB1;CYP2J2
prerank,ECM-receptor interaction,0.5797199361080401,2.0276646553777242,0.0,0.00026841575134841256,0.006,27/66,16.55%,SDC4;LAMC2;ITGA5;ITGA2;ITGB3;COL4A1;ITGAV;LAMB1;ITGA3;LAMA4;CD47;COL4A2;COL4A6;LAMC1;LAMA2;ITGB1;FRAS1;THBS1;ITGB8;LAMB3;ITGA4;LAMA3;COL4A4;SV2B;FN1;COL6A2;ITGA1
prerank,Hepatitis C,0.516233667993839,2.006530006002911,0.0,0.00043138245752423444,0.01,40/131,13.94%,MX1;DDX58;NFKB1;STAT1;CLDN1;IFNAR2;OAS3;IRF9;MYC;CFLAR;EIF2AK2;OAS1;STAT2;OCLN;PIK3CD;AKT3;IFIT1;MX2;JAK1;TRAF6;PPP2R2A;NFKBIA;TNF;IRF7;EGFR;BRAF;CDKN1A;TRAF3;RIPK1;SOS2;CDK6;TBK1;STAT3;CASP8;CLDN16;GSK3B;IFNAR1;KRAS;SOS1;EIF3E
prerank,Th1 and Th2 cell differentiation,0.5718291533917269,2.0040928312621666,0.0,0.00041650720036822634,0.01,18/72,9.68%,NFKB1;STAT1;STAT5A;IFNGR1;JAG1;IFNGR2;MAF;JAK1;IL4R;NFKBIA;MAML2;JAK2;IL12A;STAT4;JUN;RBPJ;NOTCH2;GATA3
prerank,Graft-versus-host disease,0.7163420316047329,2.000593911071302,0.0,0.0004026236270226188,0.01,4/24,4.44%,IL1A;IL6;IL1B;TNF
prerank,Retrograde endocannabinoid signaling,-0.5274121330376028,-1.997798637002451,0.0,0.0011551751163694107,0.006,40/100,19.41%,ADCY5;NDUFA2;NDUFB11;NDUFS7;NDUFC1;NDUFS3;NDUFAB1;NDUFS6;NDUFB7;FAAH;PLCB3;NDUFB2;NDUFA11;NDUFB10;NDUFS8;NDUFB1;NDUFB6;NDUFA3;NDUFA4;NDUFC2;NDUFB8;NDUFA7;NDUFA8;NDUFV3;GNB2;NDUFA10;NDUFA9;NDUFS5;GNAI2;ABHD6;NDUFA6;GNG11;NDUFB4;GNG5;NDUFV1;NDUFA13;NAPEPLD;ADCY1;CACNA1D;MAPK12
prerank,Amoebiasis,0.5559588994240233,1.9885156332418352,0.0,0.00042859934489504584,0.011,30/80,15.72%,CXCL3;IL6;NFKB1;CSF2;IL1B;LAMC2;TLR2;SERPINB9;PIK3CD;COL4A1;TGFB2;TNF;LAMB1;LAMA4;PTK2;IL12A;COL4A2;COL4A6;LAMC1;LAMA2;GNAL;CXCL2;RAB5A;LAMB3;PLCB1;LAMA3;COL4A4;SERPINB6;SERPINB4;FN1
prerank,Toll-like receptor signaling pathway,0.5613576625982393,1.9783361427129458,0.0,0.0005284435104671873,0.014,24/78,13.11%,IL6;NFKB1;STAT1;IFNAR2;IL1B;TLR2;CCL5;PIK3CD;AKT3;MAP3K8;TAB2;TRAF6;NFKBIA;TNF;IRF7;IL12A;JUN;MYD88;TRAF3;RIPK1;TBK1;MAPK8;CASP8;IFNAR1
prerank,Chagas disease,0.5479235052403578,1.9705264468079242,0.0,0.0005490322186672075,0.015,27/82,14.58%,IL6;NFKB1;SERPINE1;IL1B;TLR2;CFLAR;IFNGR1;CCL5;PIK3CD;AKT3;IFNGR2;TGFB2;CCL2;TRAF6;PPP2R2A;NFKBIA;TNF;IL12A;JUN;MYD88;C3;GNAL;MAPK8;CASP8;PLCB1;BDKRB2;SMAD2
prerank,Toxoplasmosis,0.5364300420428784,1.9674014499764225,0.0,0.000532884212235819,0.015,33/97,14.27%,BIRC3;NFKB1;STAT1;LAMC2;TLR2;IFNGR1;AKT3;IFNGR2;TAB2;TGFB2;JAK1;TRAF6;NFKBIA;TNF;BCL2L1;LAMB1;LAMA4;JAK2;IL12A;MYD88;LAMC1;LAMA2;HSPA1L;ITGB1;XIAP;BIRC2;MAPK8;STAT3;CASP8;IL10RB;LAMB3;LAMA3;HLA-DQA1
prerank,Legionellosis,0.5987550067407746,1.9644802727374477,0.0,0.0005176589490290813,0.015,20/53,12.40%,CXCL3;IL6;NFKB1;IL1B;TLR2;CASP7;CLK1;EEF1A1;NFKBIA;TNF;IL12A;CASP1;MYD88;BCL2L13;C3;HSPA1L;CXCL2;NFKB2;CASP8;CLK4
prerank,Parkinson disease,-0.4663041570223601,-1.9631412674426194,0.0,0.001386210139643293,0.009,103/202,25.11%,PSMB3;ADCY5;NDUFA2;NDUFB11;COX8A;UQCR11;NDUFS7;NDUFC1;PSMD3;NDUFS3;NDUFAB1;NDUFS6;NDUFB7;COX5B;COX5A;UQCRQ;CYC1;TUBB4A;VDAC3;NDUFB2;NDUFA11;NDUFB10;TUBB4B;BAX;COX6A1;NDUFS8;PSMC4;NDUFB1;NDUFB6;UQCRC1;NDUFA3;PSMD9;NDUFA4;PARK7;NDUFC2;UBE2J2;ADRM1;TXN;PSMA1;NDUFB8;PSMA7;NDUFA7;NDUFA8;NDUFV3;UBB;NDUFA10;PSMB4;TUBA1C;PSMD6;NDUFA9;PSMC3;PPIF;PSMB5;UBA52;SLC25A4;GNAS;NDUFS5;SLC25A5;GNAI2;NDUFA6;COX7C;PSMB1;CALM1;TUBB;COX7B;PSMD13;NDUFB4;SNCA;COX4I1;NDUFV1;TUBA1B;TUBA4A;NDUFA13;UQCR10;COX6B1;COX6C;TUBB3;PSMC5;SDHA;TUBB6;PSMA3;PSMB6;PSMB2;UQCRFS1;KLC2;TRAP1;UBA1;KLC4;CALM3;UQCRHL;TXN2;CALML5;PSMD2;SDHB;MAOB;HTRA2;CYCS;NDUFV2;TUBB2A;DAXX;PRKACB;PSMA4;NDUFB9
prerank,Natural killer cell mediated cytotoxicity,0.5512743771371321,1.9474603988583916,0.0,0.0005703834716153767,0.017,20/79,9.15%,ICAM1;IFNAR2;CSF2;ULBP1;IFNGR1;TNFRSF10B;TNFRSF10A;PIK3CD;FYN;VAV1;IFNGR2;TNF;RAET1L;RAC2;ULBP2;PLCG2;RAET1E;BRAF;PTK2B;SOS2
prerank,Proteasome,-0.5828744353894936,-1.9311613706393007,0.0,0.002053644651323397,0.016,26/42,28.21%,PSMB3;PSMD3;PSMC4;PSMD9;ADRM1;PSMA1;PSMA7;PSMB4;PSMD6;PSMC3;PSMB5;POMP;PSMB1;PSMD13;PSMC5;PSMA3;PSMB6;PSMB2;PSMF1;PSMD2;PSMB10;PSMA4;PSMD4;PSMA2;PSMA5;PSME3
prerank,Pyruvate metabolism,-0.5954107418288217,-1.9178457262252584,0.0020876826722338203,0.002420366910488289,0.022,18/38,18.52%,ADH6;ADH1C;ALDH3A2;PDHB;GRHPR;MDH1;FH;ACSS1;ACAT2;LDHB;ACYP2;PC;HAGH;ACYP1;ALDH9A1;AKR1A1;MDH2;LDHD
prerank,Epstein-Barr virus infection,0.48244261709153097,1.9077843741411862,0.0,0.0012078708810678565,0.034,43/177,12.38%,IL6;DDX58;ICAM1;NFKB1;STAT1;IFNAR2;TNFAIP3;OAS3;TLR2;IRF9;MYC;TAP1;NEDD4;GADD45A;EIF2AK2;OAS1;LYN;STAT2;PIK3CD;AKT3;TAB2;JAK1;TRAF6;NFKBIA;RELB;TNF;IRF7;TAP2;PLCG2;USP7;JUN;MYD88;CDKN1A;TRAF3;RIPK1;RBPJ;CDK6;POLK;NFKB2;TBK1;MAPK8;STAT3;CASP8
prerank,Glyoxylate and dicarboxylate metabolism,-0.6415455022516133,-1.9008674263133223,0.0,0.0023103502327388213,0.023,15/26,25.55%,SHMT1;HOGA1;GLYCTK;PGP;GRHPR;MDH1;ACSS1;ACAT2;GCSH;MDH2;MCEE;CAT;GLDC;ACAT1;PCCB
prerank,Small cell lung cancer,0.535276845558637,1.8980280720518348,0.0,0.001303229108520582,0.037,34/89,14.56%,BIRC3;NFKB1;LAMC2;MYC;ITGA2;GADD45A;TRAF1;PIK3CD;AKT3;COL4A1;ITGAV;TRAF6;NFKBIA;BCL2L1;LAMB1;ITGA3;LAMA4;PTK2;COL4A2;COL4A6;CDKN1A;LAMC1;TRAF3;CDKN2B;LAMA2;CDK6;POLK;ITGB1;XIAP;BIRC2;TRAF5;LAMB3;LAMA3;COL4A4
prerank,Cell adhesion molecules,0.512871071874006,1.897825468960209,0.0,0.0012698129775328747,0.037,25/98,14.37%,SDC4;ICAM1;CLDN1;L1CAM;NRCAM;OCLN;CD274;CNTNAP1;CDH3;ITGAV;F11R;PVR;PTPRF;PTPRM;CDH2;PDCD1LG2;CD8A;CDH4;ITGB1;ICOSLG;CLDN16;ITGB8;ITGA4;HLA-DQA1;HLA-F
prerank,PD-L1 expression and PD-1 checkpoint pathway in cancer,0.5300087751161296,1.8851257492784854,0.0,0.0015098386013348206,0.046,18/77,7.96%,NFKB1;STAT1;RASGRP1;TLR2;IFNGR1;CD274;PIK3CD;AKT3;IFNGR2;JAK1;TRAF6;NFKBIA;CSNK2A2;EGFR;JAK2;CSNK2A1;JUN;MYD88
prerank,Tuberculosis,0.4783111129394723,1.8712250968174944,0.0,0.0019443775158653298,0.061,26/143,7.96%,IL1A;IRAK2;IL6;NFKB1;STAT1;IL1B;TLR2;IFNGR1;VDR;AKT3;IFNGR2;TGFB2;JAK1;TRAF6;IL23A;TNF;CEBPG;HSPA9;PLA2R1;CREB1;CASP10;JAK2;IL12A;NFYB;CTSS;MYD88
prerank,Thermogenesis,-0.45196678573385934,-1.8625842911972628,0.0,0.0040217207755083185,0.046,85/182,25.62%,ADCY5;NDUFA2;NDUFB11;NDUFAF3;COX8A;UQCR11;NDUFS7;NDUFC1;AKT1S1;SMARCD2;NDUFS3;NDUFAB1;NDUFS6;NDUFB7;COX5B;COX5A;UQCRQ;CYC1;NDUFB2;NDUFA11;NDUFB10;COA6;COX6A1;NDUFS8;RPS6KB2;NDUFB1;LIPE;COA3;NDUFB6;UQCRC1;MLST8;NDUFA3;COA4;NDUFA4;SMARCB1;NDUFC2;COX14;NDUFB8;NDUFA7;NDUFA8;SIRT6;NDUFV3;NDUFAF6;NDUFA10;HRAS;COX11;NDUFA9;DPF1;SLC25A29;COX18;ACTB;GNAS;TSC2;NDUFS5;NDUFA6;COX7C;COX7B;NDUFB4;COX4I1;NDUFV1;NDUFA13;UQCR10;COX6B1;COX6C;ADCY1;COX15;SDHA;MAPK12;SMARCA4;SLC25A20;UQCRFS1;COX16;COA5;RPS6KA1;UQCRHL;COX17;SDHB;CREB3;NDUFV2;NDUFAF4;PRKACB;NDUFB9;FGFR1;COA1;PNPLA2
prerank,Pathways in cancer,0.4257173208234312,1.857657760509088,0.0,0.002128153457119557,0.066,115/430,14.90%,BIRC3;IL6;NFKB1;STAT1;NKX3-1;IFNAR2;RASGRP1;PDGFB;LAMC2;ETS1;VEGFA;MYC;TGFA;STAT5A;IL7R;ITGA2;GADD45A;IFNGR1;BMP2;CASP7;VEGFC;RASGRP3;TRAF1;JAG1;FGF19;FOXO1;STAT2;PIK3CD;IL15RA;SMAD3;CTBP2;AKT3;MET;IL13RA1;COL4A1;IFNGR2;RUNX1;TGFB2;ITGAV;FGF2;JAK1;IL15;TRAF6;IL23A;IL4R;PLD1;NFKBIA;BCL2L1;MMP1;LAMB1;EGFR;ITGA3;LAMA4;PMAIP1;PTK2;JAK2;IL12A;RAC2;PLCG2;ARNT;COL4A2;MMP9;STAT4;JUN;FZD6;BRAF;COL4A6;CDKN1A;LAMC1;CSF2RA;TRAF3;CDKN2B;LAMA2;SOS2;NFE2L2;NOTCH2;CBL;PML;TCF7L2;FLT3LG;CDK6;TXNRD1;RPS6KA5;POLK;NCOA1;ITGB1;MITF;XIAP;NFKB2;BIRC2;CRKL;MAPK8;STAT3;CASP8;EGLN3;GSK3B;IFNAR1;IL7;F2R;EPAS1;MMP2;TRAF5;KRAS;LAMB3;NCOA3;SOS1;SLC2A1;PLCB1;LAMA3;STAT5B;BDKRB2;COL4A4;SMAD2;IGF1R;FGF1
prerank,Hepatitis B,0.4758481800894853,1.8429137944961922,0.0,0.002612371905565364,0.084,33/143,9.15%,IL6;DDX58;NFKB1;STAT1;IFIH1;TLR2;CREB5;MYC;STAT5A;STAT2;PIK3CD;SMAD3;AKT3;TAB2;TGFB2;JAK1;TRAF6;NFKBIA;TNF;IRF7;CREB1;CASP10;JAK2;MMP9;STAT4;JUN;MYD88;ATF4;BRAF;PTK2B;CDKN1A;TRAF3;SOS2
prerank,PI3K-Akt signaling pathway,0.44009746349094736,1.8382489545582683,0.0,0.0027451610933360376,0.089,74/263,14.90%,IL6;NFKB1;IFNAR2;PDGFB;LAMC2;OSMR;TLR2;ITGA5;CREB5;VEGFA;MYC;TGFA;IL7R;ITGA2;VEGFC;FGF19;EREG;ITGB3;PIK3CD;PCK2;DDIT4;AKT3;MET;COL4A1;FOXO3;EFNA1;ITGAV;FGF2;JAK1;PPP2R2A;IL4R;CSF1;BCL2L1;EIF4B;CREB1;LAMB1;EGFR;ITGA3;LAMA4;PTK2;JAK2;PPP2R3A;COL4A2;ATF4;COL4A6;CDKN1A;LAMC1;LAMA2;SOS2;PPP2R3C;EPHA2;FLT3LG;CDK6;ITGB1;TSC1;THBS1;MCL1;GSK3B;PIK3AP1;IFNAR1;IL7;CSF3;F2R;ITGB8;KRAS;LAMB3;SOS1;ITGA4;PDGFC;LAMA3;COL4A4;SGK1;IGF1R;FGF1
prerank,Focal adhesion,0.45773487317817635,1.833813810090683,0.0,0.0029794148399673796,0.099,54/172,16.85%,BIRC3;PDGFB;LAMC2;ITGA5;VEGFA;ITGA2;FLNB;VEGFC;MYL12A;ITGB3;PIK3CD;FYN;AKT3;VAV1;MET;COL4A1;ITGAV;PIP5K1A;LAMB1;EGFR;ITGA3;LAMA4;PTK2;RAC2;COL4A2;JUN;BRAF;COL4A6;LAMC1;LAMA2;SOS2;ITGB1;XIAP;THBS1;BIRC2;CRKL;MAPK8;PPP1R12A;GSK3B;ITGB8;PAK2;LAMB3;SOS1;ITGA4;PDGFC;LAMA3;COL4A4;IGF1R;ARHGAP5;FN1;ROCK1;COL6A2;ITGA1;PDGFA
prerank,Fluid shear stress and atherosclerosis,0.47315831520382573,1.8178145142837798,0.0,0.0035448384553078394,0.118,26/122,9.62%,IL1A;SDC4;ICAM1;NFKB1;PLAT;IL1B;PDGFB;VEGFA;ITGB3;PIK3CD;AKT3;DUSP1;ITGAV;CCL2;TNF;NCF2;ASS1;PTK2;RAC2;ARHGEF2;MMP9;JUN;BMPR2;MAP3K5;NFE2L2;MEF2A
prerank,Steroid biosynthesis,-0.6704808108949261,-1.810011008984946,0.0,0.007162085721490346,0.09,12/18,22.32%,HSD17B7;TM7SF2;NSDHL;DHCR7;DHCR24;MSMO1;LSS;EBP;SQLE;FDFT1;CYP51A1;LBR
prerank,Prolactin signaling pathway,0.5321946228511975,1.8086077901129733,0.0,0.0039577045890308495,0.132,17/58,14.26%,NFKB1;STAT1;STAT5A;IRF1;PIK3CD;AKT3;SOCS2;FOXO3;JAK2;SOCS6;SOS2;MAPK8;STAT3;GSK3B;KRAS;SOS1;STAT5B
prerank,Type I diabetes mellitus,0.6161621397227272,1.800642729250358,0.0019342359767891683,0.004328203990493152,0.146,8/29,14.87%,IL1A;IL1B;TNF;IL12A;PTPRN2;HLA-DQA1;HLA-F;ICA1
prerank,ErbB signaling pathway,0.5020132460300849,1.79839400002654,0.0,0.004338475001386587,0.15,26/80,14.26%,HBEGF;MYC;TGFA;STAT5A;EREG;NCK1;PIK3CD;ABL2;AKT3;GAB1;EGFR;PTK2;PLCG2;JUN;BRAF;CDKN1A;SOS2;CBL;CBLB;CRKL;MAPK8;GSK3B;PAK2;KRAS;SOS1;STAT5B
prerank,Porphyrin and chlorophyll metabolism,-0.6051083918176547,-1.780742569427652,0.007858546168958742,0.009171390317841989,0.124,19/28,33.62%,UROD;HMBS;MMAB;EARS2;ALAD;UROS;HMOX2;FXN;COX15;PPOX;GUSB;BLVRA;BLVRB;UGT1A10;FECH;CPOX;HCCS;ALAS1;UGT2B7
prerank,Huntington disease,-0.40952054186521747,-1.7759881063205365,0.0,0.00866381337277058,0.127,97/253,19.68%,PSMB3;NDUFA2;POLR2F;NDUFB11;COX8A;UQCR11;NDUFS7;NDUFC1;PSMD3;NDUFS3;NDUFAB1;NDUFS6;NDUFB7;DCTN3;COX5B;POLR2I;GPX1;POLR2L;COX5A;AP2S1;UQCRQ;PLCB3;WIPI2;CYC1;TUBB4A;VDAC3;NDUFB2;POLR2E;NDUFA11;CLTB;NDUFB10;TUBB4B;BAX;POLR2C;COX6A1;NDUFS8;PSMC4;NDUFB1;NDUFB6;UQCRC1;NDUFA3;PSMD9;AP2A1;NDUFA4;NDUFC2;ADRM1;PSMA1;NDUFB8;PSMA7;NDUFA7;NDUFA8;NDUFV3;NDUFA10;PSMB4;AP2M1;MAP2K7;TUBA1C;PSMD6;ACTR1B;NDUFA9;PSMC3;ATG2A;PPIF;POLR2J;PSMB5;POLR2H;SLC25A4;NDUFS5;SLC25A5;NDUFA6;CLTA;COX7C;PSMB1;GPX3;TUBB;HDAC1;COX7B;PSMD13;NDUFB4;COX4I1;NDUFV1;TUBA1B;TUBA4A;GPX2;NDUFA13;UQCR10;COX6B1;SOD1;COX6C;TUBB3;ACTR1A;PSMC5;SDHA;TUBB6;PSMA3;PSMB6;PSMB2
prerank,African trypanosomiasis,0.6343718076259096,1.7621451344651031,0.008281573498964804,0.006425873087280997,0.207,7/22,7.96%,IL6;ICAM1;IL1B;TNF;LAMA4;IL12A;MYD88
prerank,Hypertrophic cardiomyopathy,0.5101689685786015,1.759397607428522,0.0019342359767891683,0.006347243061297755,0.209,23/68,16.97%,IL6;ITGA5;ITGA2;ITGB3;TPM4;TGFB2;ITGAV;TNF;PRKAG2;TPM1;ATP2A3;ITGA3;PRKAB2;CACNG7;LAMA2;SLC8A1;CACNG6;ITGB1;ITGB8;ITGA4;SGCB;ITGA1;SGCD
prerank,MAPK signaling pathway,0.42149069220267105,1.7473344376150417,0.0,0.006991714138488938,0.228,72/243,16.86%,IL1A;NFKB1;IL1B;RASGRP1;PDGFB;VEGFA;MYC;TGFA;GADD45A;FLNB;VEGFC;RASGRP3;FGF19;EREG;AKT3;IL1RAP;MAP3K8;MET;DUSP1;RPS6KA2;TAB2;RASGRF2;TGFB2;EFNA1;FGF2;PLA2G4C;MRAS;TRAF6;RELB;TNF;CSF1;MAP3K13;EGFR;RASA1;RAC2;ELK4;JUN;MYD88;ATF4;RRAS2;CACNG7;BRAF;MAP4K4;SOS2;MAP3K5;RAPGEF2;EPHA2;FLT3LG;MAP4K3;HSPA1L;RPS6KA5;CACNG6;DUSP16;NFKB2;CRKL;MAPK8;MAP3K2;PAK2;TAOK3;KRAS;SOS1;PDGFC;PPM1B;IGF1R;FGF1;STK4;TAOK1;PPP3CC;PPM1A;MAP3K4;PDGFA;INSR
prerank,Apoptosis,0.45840054436893535,1.7443195530630917,0.0,0.007042115136791842,0.234,33/124,12.72%,BCL2A1;BIRC3;NFKB1;CFLAR;GADD45A;CASP7;TRAF1;TNFRSF10B;TNFRSF10A;PARP3;PIK3CD;AKT3;ERN1;NFKBIA;TNF;BCL2L1;CASP10;PMAIP1;ITPR3;CTSS;JUN;ATF4;CTSO;RIPK1;MAP3K5;ITPR2;ITPR1;XIAP;BIRC2;MAPK8;CASP8;PARP4;MCL1
prerank,Base excision repair,-0.560014018261615,-1.74411722988509,0.00398406374501992,0.012321867907940381,0.18,16/33,16.29%,NTHL1;LIG1;POLD1;PCNA;APEX2;POLE4;OGG1;MPG;NEIL2;POLD2;POLE2;FEN1;HMGB1;POLE;SMUG1;APEX1
prerank,Diabetic cardiomyopathy,-0.4267750094365177,-1.7363781519094261,0.0,0.012541901263439317,0.193,60/157,18.13%,MPC2;PIK3R2;NDUFA2;NDUFB11;COX8A;UQCR11;NDUFS7;NDUFC1;NDUFS3;NDUFAB1;PPP1CA;NDUFS6;NDUFB7;PDHB;COX5B;COX5A;UQCRQ;PLCB3;G6PD;CYBA;CYC1;VDAC3;NDUFB2;NDUFA11;NDUFB10;AGT;CTSD;COX6A1;NDUFS8;NDUFB1;NDUFB6;UQCRC1;NDUFA3;AKT1;NDUFA4;NDUFC2;NDUFB8;NDUFA7;NDUFA8;NDUFV3;NDUFA10;MPC1;NDUFA9;PPIF;SLC2A4;SLC25A4;NDUFS5;SLC25A5;NDUFA6;COX7C;TGFB3;COX7B;NDUFB4;COX4I1;NDUFV1;NDUFA13;UQCR10;COX6B1;GAPDH;COX6C
prerank,MicroRNAs in cancer,0.4378966360256287,1.7329121976972466,0.0,0.00796300062333624,0.265,40/164,14.17%,NFKB1;PLAU;PDGFB;ITGA5;VEGFA;MYC;PRKCE;ZEB2;ITGB3;FOXP1;SOX4;PIK3CD;CYP1B1;DDIT4;MET;TGFB2;EFNA1;BMF;ZEB1;TPM1;SLC7A1;EGFR;PLCG2;MMP9;CDKN1A;SOS2;BMPR2;NOTCH2;CDK6;HOXD10;SPRY2;RPS6KA5;RECK;THBS1;CRKL;STAT3;MCL1;KRAS;SOS1;HMGA2
prerank,Adherens junction,0.507797649214627,1.731416156321855,0.001941747572815534,0.0078841026600611,0.266,32/64,26.46%,FYN;SMAD3;MET;CSNK2A2;PTPRJ;PTPRF;PTPRM;EGFR;RAC2;YES1;WASF2;CSNK2A1;SNAI2;WASL;TJP1;TCF7L2;IGF1R;SMAD4;INSR;CREBBP;PARD3;IQGAP1;EP300;TGFBR1;CTNND1;ACTN1;MAP3K7;CTNNA1;WASF1;CTNNA2;CSNK2A3;LMO7
prerank,Ras signaling pathway,0.4374051617485856,1.7293583610029886,0.0,0.008045282832826973,0.276,70/174,23.28%,NFKB1;RASGRP1;PDGFB;ETS1;VEGFA;TGFA;VEGFC;RASGRP3;FGF19;PIK3CD;ABL2;AKT3;MET;RASGRF2;EFNA1;FGF2;PLA2G4C;MRAS;PLD1;CSF1;BCL2L1;EXOC2;GAB2;GAB1;EGFR;RASA1;RAC2;PLCG2;REL;BRAP;RRAS2;SHOC2;SOS2;EPHA2;FLT3LG;RASAL2;RASA3;RAB5A;TBK1;MAPK8;PAK2;KRAS;SOS1;PDGFC;IGF1R;FGF1;HTR7;STK4;RALA;PDGFA;INSR;FOXO4;GNB4;RASA2;NF1;NGFR;PIK3CA;PIK3CB;GNB1;BDNF;PTPN11;IGF2;IKBKB;ABL1;PRKCA;RAP1A;RASGRP2;RELA;GNG2;PIK3R1
prerank,RNA polymerase,-0.5739534577620653,-1.724829543612379,0.005928853754940711,0.013194666884752824,0.22,10/29,13.66%,POLR2F;POLR2I;POLR2L;POLR2E;POLR3K;POLR1C;POLR2C;POLR3H;POLR2J;POLR2H
prerank,Proteoglycans in cancer,0.4338650628455094,1.7247356300181875,0.0,0.008179616843722677,0.285,48/178,14.89%,SDC4;HBEGF;PLAU;TLR2;ITGA5;VEGFA;MYC;ITGA2;FLNB;ITGB3;PIK3CD;AKT3;VAV1;MET;TGFB2;ITGAV;FGF2;PLAUR;MRAS;ANK2;TNF;GAB1;EIF4B;EGFR;PTK2;ITPR3;PLCG2;MMP9;FZD6;RRAS2;BRAF;CDKN1A;SOS2;ITPR2;ITPR1;CBL;DDX5;HOXD10;FRS2;ITGB1;THBS1;STAT3;PPP1R12A;MMP2;KRAS;SOS1;SMAD2;IGF1R
prerank,Prostate cancer,0.47259408448419044,1.723650857503465,0.0,0.00820519184725406,0.29,26/90,14.89%,NFKB1;PLAT;NKX3-1;PLAU;PDGFB;CREB5;TGFA;FOXO1;PIK3CD;AKT3;NFKBIA;ZEB1;CREB1;EGFR;MMP9;ATF4;BRAF;CDKN1A;SOS2;TCF7L2;GSK3B;KRAS;SOS1;PDGFC;TMPRSS2;IGF1R
prerank,Fatty acid degradation,-0.5449944426605989,-1.719982415794256,0.0,0.013621439913855967,0.233,11/36,15.20%,ADH6;ADH1C;ALDH3A2;ACADS;ACAA1;GCDH;ACAT2;ECHS1;ECI1;HADH;ALDH9A1
prerank,Cytosolic DNA-sensing pathway,0.5380276389074808,1.718315690944155,0.0019880715705765406,0.008700764821251507,0.305,11/44,10.35%,IL6;DDX58;NFKB1;IL1B;CCL5;ADAR;NFKBIA;IRF7;CASP1;RIPK1;POLR3D
prerank,Metabolism of xenobiotics by cytochrome P450,-0.5091487773974296,-1.715548775816514,0.0021321961620469083,0.013635596471654613,0.248,17/46,15.98%,ADH6;ADH1C;CBR1;AKR7A2;GSTT1;AKR7L;GSTP1;ALDH3B2;MGST2;GSTO1;ALDH3A1;GSTK1;CYP2C9;HSD11B1L;EPHX1;MGST1;AKR7A3
prerank,Chemokine signaling pathway,0.44742460596774286,1.7150033710670956,0.0,0.008918113338551007,0.318,32/129,14.26%,CXCL3;CCL20;NFKB1;STAT1;CXCL6;CXCL5;CCL5;LYN;STAT2;PIK3CD;AKT3;VAV1;FOXO3;CCL2;NFKBIA;CCL28;PTK2;JAK2;RAC2;CX3CL1;PLCG2;BRAF;PTK2B;SOS2;CXCL2;CRKL;STAT3;GSK3B;KRAS;SOS1;PLCB1;STAT5B
prerank,T cell receptor signaling pathway,0.4824896596715697,1.7145629632675299,0.0019193857965451055,0.008870920569154093,0.318,23/79,13.89%,NFKB1;CSF2;RASGRP1;NCK1;PIK3CD;FYN;AKT3;VAV1;MAP3K8;NFKBIA;TNF;JUN;TEC;SOS2;CARD11;CD8A;DLG1;CBLB;MAPK8;GSK3B;PAK2;KRAS;SOS1
prerank,Spliceosome,-0.432524473285689,-1.7105463552072881,0.0,0.01381931713286369,0.261,45/127,24.20%,SRSF8;HSPA1B;HSPA1A;SRSF2;U2AF2;HNRNPM;CHERP;SNRNP70;SF3B5;LSM7;PRPF31;SNRPB;ALYREF;SRSF1;PRPF19;SNRPA1;SNRNP40;PRPF38A;LSM4;SART1;XAB2;ISY1;SNRPC;LSM2;PUF60;CCDC12;SF3A2;PHF5A;EFTUD2;SNRPD2;LSM5;SNRPE;SNRPG;TXNL4A;PCBP1;FUS;PPIE;LSM3;PRPF6;CWC15;SNRPD3;SNRPA;PQBP1;EIF4A3;SRSF6
prerank,Circadian rhythm,0.5763240156486087,1.6854654619377119,0.007707129094412331,0.01190337271503968,0.408,20/28,30.43%,PRKAG2;BHLHE40;CREB1;PRKAB2;BHLHE41;ARNTL;FBXW11;BTRC;NPAS2;CRY1;NR1D1;RORA;FBXL3;PRKAA2;CSNK1E;CLOCK;PER1;PRKAB1;PRKAA1;CRY2
prerank,Pancreatic cancer,0.4687832010615703,1.683437694925286,0.00196078431372549,0.011848638166665638,0.413,31/76,21.61%,NFKB1;STAT1;VEGFA;TGFA;GADD45A;PIK3CD;SMAD3;AKT3;TGFB2;JAK1;PLD1;BCL2L1;EGFR;RAC2;BRAF;CDKN1A;CDK6;POLK;MAPK8;STAT3;KRAS;SMAD2;RALA;SMAD4;ARHGEF6;PIK3CA;E2F3;PIK3CB;TGFBR1;IKBKB;RPS6KB1
prerank,Insulin resistance,0.4498849417266664,1.6709862713893637,0.0018552875695732839,0.013173341796646311,0.456,19/98,7.33%,IL6;NFKB1;CREB5;PRKCE;GFPT1;PPP1R3B;FOXO1;PIK3CD;PCK2;AKT3;RPS6KA2;GFPT2;NFKBIA;TNF;PRKAG2;CREB1;PTPRF;OGT;PRKAB2
prerank,Neurotrophin signaling pathway,0.44028435687751094,1.6688858781875089,0.001851851851851852,0.013305162320685928,0.461,27/111,13.89%,IRAK2;NFKB1;PSEN1;ZNF274;PIK3CD;IRAK3;AKT3;RPS6KA2;SH2B3;FOXO3;TRAF6;NFKBIA;PRDM4;GAB1;PLCG2;JUN;ATF4;BRAF;SOS2;MAP3K5;FRS2;RPS6KA5;CRKL;MAPK8;GSK3B;KRAS;SOS1
prerank,Mitophagy,0.4877845383471855,1.6687286960215768,0.001876172607879925,0.013103568952190685,0.461,26/65,16.26%,OPTN;CALCOCO2;FOXO3;MRAS;BCL2L1;CSNK2A2;BNIP3L;CITED2;TAX1BP1;USP15;CSNK2A1;JUN;ATF4;NBR1;RRAS2;BCL2L13;GABARAPL1;ULK1;MITF;TBK1;MAPK8;KRAS;USP8;EIF2AK3;RHOT1;TBC1D15
prerank,Terpenoid backbone biosynthesis,-0.5952699570346822,-1.6560704242376632,0.012121212121212121,0.025292255179456567,0.428,10/21,24.29%,MVK;MVD;PMVK;ICMT;ACAT2;IDI1;RCE1;PDSS1;ACAT1;HMGCR
prerank,Acute myeloid leukemia,0.4896802035046376,1.6560206364847012,0.0019342359767891683,0.014548534343608362,0.504,16/56,14.26%,BCL2A1;NFKB1;CSF2;MYC;STAT5A;PIK3CD;AKT3;RUNX1;BRAF;SOS2;PML;TCF7L2;STAT3;KRAS;SOS1;STAT5B
prerank,Shigellosis,0.4043044333160164,1.6474246601128049,0.0,0.015755609875105717,0.538,76/207,23.28%,NFKB1;CSF2;IL1B;TNIP1;ITGA5;CYTH1;HK2;PRKCE;CCL5;MYL12A;FOXO1;CALCOCO2;PIK3CD;AKT3;TAB2;FOXO3;TRAF6;NFKBIA;TNF;BCL2L1;EGFR;NLRP3;PTK2;ITPR3;CASP1;WASF2;PLCG2;WIPI1;ARHGEF2;JUN;MYD88;WASL;TAB3;RIPK1;C3;ATG12;ITPR2;ITPR1;GABARAPL1;RPS6KA5;ITGB1;CRKL;RRAGC;TBK1;MAPK8;GSK3B;TRAF5;PLCB1;ATG14;FNBP1;ROCK1;FOXO4;FBXW11;RIPK2;PLCB4;FNBP1L;BTRC;PIK3C3;ATM;PIK3CA;NOD1;DOCK1;ATG5;PIK3CB;ROCK2;IKBKB;RPS6KB1;HKDC1;BCL10;PRKCD;ACTN1;CYTH3;RELA;MAP3K7;CYTH4;PIK3R1
prerank,Yersinia infection,0.429688437417301,1.6424235117323385,0.0,0.016350020332135912,0.553,46/125,20.80%,IL6;NFKB1;IL1B;ITGA5;ARHGEF28;PIK3CD;AKT3;VAV1;RPS6KA2;TAB2;CCL2;TRAF6;NFKBIA;TNF;PIP5K1A;NLRP3;PTK2;RAC2;CASP1;WASF2;JUN;MYD88;WASL;PTK2B;SKAP2;CD8A;ITGB1;CRKL;TBK1;MAPK8;GSK3B;WIPF1;ITGA4;WIPF2;FN1;ROCK1;ARHGEF7;WIPF3;TICAM1;MAP2K4;PIK3CA;PKN2;DOCK1;PIK3CB;PKN1;ROCK2
prerank,Renal cell carcinoma,0.47797052692366504,1.6389060649488507,0.007707129094412331,0.01670312875533836,0.564,21/63,13.91%,PDGFB;ETS1;VEGFA;TGFA;PIK3CD;AKT3;MET;TGFB2;GAB1;ARNT;JUN;BRAF;CDKN1A;SOS2;CRKL;EGLN3;EPAS1;PAK2;KRAS;SOS1;SLC2A1
prerank,Amyotrophic lateral sclerosis,-0.3741571083495275,-1.637344906895638,0.0,0.02837880202547519,0.475,101/303,20.60%,PSMB3;NDUFA2;NDUFB11;COX8A;UQCR11;NDUFS7;NDUFC1;PSMD3;MAP2K6;NDUFS3;NDUFAB1;NDUFS6;NDUFB7;DCTN3;COX5B;GPX1;TOMM40;BAD;COX5A;UQCRQ;WIPI2;CYC1;TUBB4A;NDUFB2;NDUFA11;ALYREF;NDUFB10;TUBB4B;BAX;SIGMAR1;COX6A1;NDUFS8;PSMC4;NXF1;NDUFB1;NDUFB6;UQCRC1;NDUFA3;PSMD9;NDUFA4;NDUFC2;NUP85;ADRM1;PSMA1;NDUFB8;GRIN2C;PSMA7;PFN1;NDUFA7;NDUFA8;NDUFV3;VCP;NDUFA10;PSMB4;CHCHD10;TUBA1C;PSMD6;ACTR1B;NDUFA9;PSMC3;ATG2A;PSMB5;NUP188;ACTB;SEC13;NDUFS5;NDUFA6;COX7C;PSMB1;GPX3;CCS;TUBB;COX7B;PSMD13;NDUFB4;TNFRSF1A;COX4I1;NRG4;NDUFV1;TUBA1B;TUBA4A;GPX2;NDUFA13;UQCR10;COX6B1;SOD1;COX6C;TUBB3;ACTR1A;PSMC5;SDHA;TUBB6;MAPK12;CAT;PSMA3;PSMB6;PSMB2;BID;UQCRFS1;KLC2;FUS
prerank,Folate biosynthesis,-0.5990169317337645,-1.6216247808558877,0.013779527559055118,0.031208064254932333,0.521,9/19,18.52%,CBR1;SPR;QDPR;MOCS2;PTS;FPGS;GGH;DHFR;PCBD1
prerank,Complement and coagulation cascades,0.48316804073543324,1.6201149757209963,0.0056179775280898875,0.019938375670584898,0.635,15/52,15.49%,PLAT;SERPINE1;PLAU;C1R;CFB;C1S;PLAUR;CD55;F3;C3;F2R;THBD;SERPING1;BDKRB2;CD59
prerank,Biosynthesis of unsaturated fatty acids,-0.5659439865185725,-1.613979896809585,0.012195121951219513,0.03202985549933366,0.542,10/23,20.38%,TECR;ELOVL3;ACAA1;ACOT7;BAAT;FADS2;ELOVL6;ACOT2;ACOT1;SCD
prerank,Pathogenic Escherichia coli infection,0.4040660388763511,1.6121039578722935,0.0018018018018018018,0.021188068372065313,0.662,40/175,13.55%,IL6;NFKB1;CLDN1;IL1B;CYTH1;CASP7;NCK1;TNFRSF10B;TNFRSF10A;OCLN;FYN;MYO5B;TAB2;TRAF6;NFKBIA;TNF;MYO1D;NLRP3;CASP1;WASF2;ARHGEF2;JUN;MYD88;WASL;TAB3;BAIAP2L1;RIPK1;TJP1;MYO1B;MYO1E;SEC24A;ITGB1;MYH9;TUBB2B;MAPK8;CASP8;CLDN16;WIPF1;F2R;PAK2
prerank,Fatty acid elongation,-0.5709273873481937,-1.6120447058653766,0.015873015873015872,0.031306919820446345,0.548,10/22,19.09%,TECR;ELOVL3;ACOT7;PPT2;ECHS1;HADH;ELOVL6;ACOT2;ACOT1;MECR
prerank,Arrhythmogenic right ventricular cardiomyopathy,0.4703676868545021,1.604416849608958,0.007590132827324478,0.02213878409409304,0.678,21/59,17.22%,ITGA5;ITGA2;ITGB3;ITGAV;ATP2A3;ITGA3;CDH2;GJA1;CACNG7;LAMA2;TCF7L2;SLC8A1;CACNG6;ITGB1;ITGB8;ITGA4;DSG2;SGCB;ITGA1;SGCD;DSP
prerank,Vibrio cholerae infection,-0.48486807540946353,-1.6031686228361746,0.010121457489878543,0.03272996163046664,0.58,23/46,27.93%,ATP6AP1;ATP6V0D1;ATP6V0C;TCIRG1;ARF1;ATP6V0B;ATP6V0E2;SLC12A2;SEC61B;ACTB;GNAS;ATP6V1F;ATP6V1D;ATP6V1E1;ATP6V1H;SEC61A1;PDIA4;ATP6V1B1;PRKACB;ATP6V0E1;PRKACA;ATP6V0A4;SEC61G
prerank,Intestinal immune network for IgA production,0.5470534086413902,1.6017958798139442,0.015151515151515152,0.022345611299755347,0.686,7/29,14.27%,IL6;IL15RA;IL15;CCL28;ICOSLG;ITGA4;HLA-DQA1
prerank,Collecting duct acid secretion,-0.5705529464616094,-1.595572134654831,0.017964071856287425,0.034008355425915446,0.606,10/21,26.92%,ATP6V0D1;ATP6V0C;TCIRG1;ATP6V0E2;ATP6V1F;ATP6V1D;ATP6V1E1;ATP6V1B1;ATP6V0E1;ATP6V0A4
prerank,FoxO signaling pathway,0.4219392639604332,1.5948793562570978,0.0019342359767891683,0.023432695092716418,0.704,44/116,20.75%,SOD2;IL6;IL7R;GADD45A;FOXO1;PIK3CD;PCK2;SMAD3;AKT3;PLK2;TGFB2;FOXO3;PRKAG2;EGFR;PRKAB2;USP7;BRAF;CDKN1A;CDKN2B;SOS2;ATG12;RAG1;GABARAPL1;FBXO32;MAPK8;STAT3;KRAS;SOS1;SGK1;IGF1R;STK4;HOMER2;SMAD4;INSR;FOXO4;CREBBP;SIRT1;HOMER1;ATM;PIK3CA;EP300;CCNG2;PIK3CB;TGFBR1
prerank,Butanoate metabolism,-0.5868544627206749,-1.5930099273277152,0.016194331983805668,0.033737037372942535,0.616,6/19,14.44%,BDH1;ACADS;AACS;ACAT2;ECHS1;HADH
prerank,Chronic myeloid leukemia,0.44480196177608466,1.5928615050548927,0.007766990291262136,0.023712412559911078,0.71,23/76,14.26%,NFKB1;MYC;STAT5A;GADD45A;PIK3CD;SMAD3;CTBP2;AKT3;RUNX1;TGFB2;NFKBIA;BCL2L1;GAB2;BRAF;CDKN1A;SOS2;CBL;CDK6;POLK;CRKL;KRAS;SOS1;STAT5B
prerank,Bladder cancer,0.51234340411093,1.5916997349605586,0.011516314779270634,0.023671131941966177,0.712,13/39,13.67%,HBEGF;VEGFA;MYC;MMP1;EGFR;MMP9;BRAF;CDKN1A;RPS6KA5;THBS1;TYMP;MMP2;KRAS
prerank,HIF-1 signaling pathway,0.4432502152526757,1.5784304672093388,0.003780718336483932,0.02646476071467906,0.752,33/86,23.31%,IL6;NFKB1;SERPINE1;VEGFA;HK2;IFNGR1;PIK3CD;AKT3;IFNGR2;EGFR;PLCG2;ARNT;CDKN1A;STAT3;EGLN3;PFKP;SLC2A1;PDK1;IGF1R;INSR;CREBBP;ENO2;HIF1A;PIK3CA;EP300;PIK3CB;TFRC;RPS6KB1;HKDC1;PRKCA;RELA;PIK3R1;MKNK1
prerank,Human papillomavirus infection,0.37088474048728604,1.5742340840967604,0.0,0.02721531858608588,0.766,68/285,14.56%,MX1;NFKB1;STAT1;IFNAR2;LAMC2;ITGA5;CREB5;VEGFA;IRF9;PSEN1;ITGA2;EIF2AK2;JAG1;FOXO1;STAT2;ITGB3;IRF1;PIK3CD;AKT3;MX2;COL4A1;ITGAV;JAK1;PPP2R2A;TNF;CREB1;LAMB1;EGFR;MAML2;ITGA3;LAMA4;PTK2;PPP2R3A;COL4A2;FZD6;COL4A6;DLG3;CDKN1A;LAMC1;TRAF3;LAMA2;SOS2;NFX1;RBPJ;PPP2R3C;NOTCH2;TCF7L2;CDK6;CSNK1A1;DLG1;UBR4;ITGB1;TSC1;THBS1;TBK1;CASP8;GSK3B;IFNAR1;ITGB8;KRAS;PRKCI;UBE3A;LAMB3;SOS1;ITGA4;LAMA3;HLA-F;COL4A4
prerank,Human cytomegalovirus infection,0.39110734987703527,1.5647732338260136,0.001838235294117647,0.029472049498055698,0.792,43/184,14.37%,IL6;NFKB1;IL1B;CREB5;VEGFA;MYC;TAP1;CCL5;ITGB3;PIK3CD;AKT3;ITGAV;CCL2;JAK1;NFKBIA;TNF;CREB1;EGFR;PTK2;RAC2;CX3CL1;ITPR3;TAP2;ATF4;PTK2B;CDKN1A;RIPK1;SOS2;ITPR2;ITPR1;CDK6;TSC1;CRKL;TBK1;STAT3;CASP8;GSK3B;IL10RB;TRAF5;KRAS;SOS1;PLCB1;HLA-F
prerank,Ubiquinone and other terpenoid-quinone biosynthesis,-0.6625246344345259,-1.5642504584531933,0.038306451612903226,0.0432406290473093,0.707,8/10,25.63%,NQO1;VKORC1;COQ2;VKORC1L1;GGCX;COQ3;COQ7;HPD
prerank,Mismatch repair,-0.5559608366364137,-1.5626934226415812,0.024691358024691357,0.042383925102982424,0.716,13/22,23.89%,LIG1;POLD1;PCNA;RFC2;POLD2;RFC3;RFC5;RPA3;RPA2;RFC4;EXO1;SSBP1;POLD4
prerank,Salmonella infection,0.37799274266944033,1.560100288833184,0.0,0.0302564199714405,0.803,43/231,12.45%,BIRC3;IL6;NFKB1;IL1B;TLR2;CYTH1;MYC;FLNB;PODXL;CASP7;MYL12A;TNFRSF10B;TNFRSF10A;PIK3CD;SNX9;AKT3;TAB2;TRAF6;NFKBIA;TNF;EXOC2;KLC1;KIF5C;NLRP3;CASP1;DYNC1I2;JUN;MYD88;WASL;TAB3;RIPK1;RAB9A;TCF7L2;DYNC1LI2;TUBB2B;BIRC2;RAB5A;KIF5A;MAPK8;AHNAK;CASP8;KPNA4;GCC2
prerank,Epithelial cell signaling in Helicobacter pylori infection,0.4612291990900583,1.558648627935067,0.008992805755395683,0.030270422690176154,0.807,15/63,12.27%,CXCL3;NFKB1;HBEGF;CCL5;LYN;MET;NFKBIA;ADAM17;F11R;EGFR;PLCG2;JUN;TJP1;CXCL2;MAPK8
prerank,Glutathione metabolism,-0.4704527752371711,-1.557774233916287,0.008968609865470852,0.04302031467858495,0.737,26/46,25.28%,SRM;GPX1;G6PD;GSS;GSTT1;GSTP1;MGST2;GSTO1;GSTK1;TXNDC12;RRM2;GGT6;MGST1;GPX3;GPX2;IDH2;GGCT;GGT7;GSTM4;GSR;ANPEP;PRDX6;CHAC2;GGT1;GPX7;GSTA4
prerank,TGF-beta signaling pathway,0.4369231383863213,1.5577078900914965,0.009633911368015413,0.03013856138182567,0.808,34/79,21.61%,INHBA;MYC;BMP2;SMURF2;SMURF1;SMAD3;TGFB2;THSD4;TNF;INHBE;SMAD7;CDKN2B;BMPR2;GREM1;THBS1;SMAD1;ZFYVE9;ACVR2A;TGIF1;FBN1;SMAD2;ACVR2B;ROCK1;LTBP1;SMAD4;CREBBP;NEO1;RGMB;ACVR1;EP300;SP1;TGFBR1;TGIF2;RPS6KB1
prerank,Synaptic vesicle cycle,-0.44917568470512637,-1.5420005879565564,0.014861995753715499,0.04743919144557046,0.78,25/57,26.92%,ATP6V0D1;ATP6V0C;TCIRG1;AP2S1;ATP6V0B;CLTB;ATP6V0E2;AP2A1;AP2M1;DNM1;CLTA;ATP6V1F;ATP6V1D;DNM2;ATP6V1E1;ATP6V1H;DNM3;ATP6V1B1;NAPA;RAB3A;SLC6A11;AP2A2;ATP6V0E1;CPLX1;ATP6V0A4
prerank,Cellular senescence,0.38297193675225266,1.5177709354867734,0.003663003663003663,0.04257744855764194,0.897,23/151,10.38%,IL1A;IL6;NFKB1;SERPINE1;ETS1;MYC;GADD45A;FOXO1;PIK3CD;SMAD3;AKT3;TGFB2;FOXO3;MRAS;ZFP36L1;RAD50;ITPR3;RRAS2;CDKN1A;CDKN2B;ITPR2;ITPR1;CDK6
prerank,Propanoate metabolism,-0.5047072111737062,-1.5152764304875703,0.03571428571428571,0.05818107790402495,0.85,11/29,25.55%,MLYCD;ACADS;SUCLG1;ACSS1;ACAT2;LDHB;ECHS1;MCEE;ACAT1;HIBCH;PCCB
prerank,Pentose phosphate pathway,-0.5166667397372888,-1.5034075405001153,0.0411522633744856,0.061561207243186505,0.869,10/24,19.43%,GLYCTK;G6PD;PRPS1;TALDO1;PRPS2;TKT;FBP1;PGLS;PFKL;ALDOA
prerank,Ascorbate and aldarate metabolism,-0.5869063946645617,-1.5004943187090753,0.04073319755600815,0.061259286474135415,0.876,9/15,33.62%,ALDH3A2;ALDH9A1;AKR1A1;GUSB;UGT1A10;ALDH2;UGDH;ALDH1B1;UGT2B7
prerank,B cell receptor signaling pathway,0.4326726254707686,1.4961366241959022,0.020522388059701493,0.04949428563246287,0.929,18/63,13.89%,NFKB1;RASGRP3;LYN;PIK3CD;AKT3;VAV1;NFKBIA;RAC2;PLCG2;JUN;SOS2;IFITM1;CARD11;DAPP1;GSK3B;PIK3AP1;KRAS;SOS1
prerank,Colorectal cancer,0.4135319988764533,1.4961296354874534,0.021912350597609563,0.04891877068324819,0.929,22/84,14.58%,MYC;TGFA;GADD45A;EREG;PIK3CD;SMAD3;AKT3;TGFB2;EGFR;PMAIP1;RAC2;JUN;BRAF;CDKN1A;SOS2;TCF7L2;POLK;MAPK8;GSK3B;KRAS;SOS1;SMAD2
prerank,Adipocytokine signaling pathway,0.4469848555085384,1.4911346504255045,0.019762845849802372,0.05011969977764324,0.933,15/55,13.91%,NFKB1;TNFRSF1B;PCK2;AKT3;NFKBIA;TNF;PRKAG2;ACSL4;JAK2;PRKAB2;ACSL1;MAPK8;STAT3;CAMKK2;SLC2A1
prerank,Vitamin digestion and absorption,-0.5643358314068467,-1.4811370054777586,0.04924242424242424,0.06980881781667693,0.922,9/17,30.45%,SLC5A6;TCN2;SLC23A1;SLC19A1;BTD;SCARB1;SLC52A3;LRAT;MMACHC
prerank,Primary bile acid biosynthesis,-0.5977445369072983,-1.4761657623140745,0.060665362035225046,0.07107077382615612,0.932,6/13,20.05%,ACOX2;ACOT8;BAAT;HSD3B7;AMACR;AKR1C4
prerank,Prion disease,-0.3497987964659807,-1.473651254117143,0.004784688995215311,0.07067960341638024,0.935,83/217,19.68%,PIK3R2;HSPA1B;HSPA1A;PSMB3;NDUFA2;NDUFB11;COX8A;UQCR11;NDUFS7;NDUFC1;PSMD3;NDUFS3;NDUFAB1;NDUFS6;NDUFB7;COX5B;BAD;COX5A;UQCRQ;CYBA;CYC1;TUBB4A;VDAC3;NDUFB2;NDUFA11;NDUFB10;TUBB4B;BAX;COX6A1;NDUFS8;PSMC4;NDUFB1;NDUFB6;UQCRC1;NDUFA3;PSMD9;NDUFA4;NDUFC2;ADRM1;PSMA1;NDUFB8;GRIN2C;PSMA7;NDUFA7;NDUFA8;NDUFV3;NDUFA10;PSMB4;TUBA1C;PSMD6;NDUFA9;PSMC3;PPIF;PSMB5;SLC25A4;NDUFS5;SLC25A5;NDUFA6;COX7C;PSMB1;TUBB;COX7B;PSMD13;NDUFB4;COX4I1;NDUFV1;TUBA1B;TUBA4A;NDUFA13;UQCR10;COX6B1;SOD1;COX6C;STIP1;TUBB3;CACNA1D;PSMC5;SDHA;TUBB6;MAPK12;PSMA3;PSMB6;PSMB2
prerank,Axon guidance,0.37101961950947165,1.461511906308993,0.005357142857142857,0.06245241487339485,0.964,51/163,22.28%,L1CAM;SEMA4B;SEMA7A;ABLIM3;NCK1;MYL12A;NTN4;PIK3CD;FYN;MET;EFNA1;SSH1;RND1;SEMA3C;LRIG2;SEMA3A;RASA1;PTK2;RAC2;SRGAP1;RYK;PLCG2;EPHB2;UNC5B;TRPC1;BMPR2;EPHA2;PLXNA3;ITGB1;GSK3B;PAK2;KRAS;SLIT3;PPP3CC;ROCK1;ENAH;SEMA4C;PARD3;NEO1;ROBO1;SSH2;PPP3R1;PIK3CA;PIK3CB;PTCH1;ROCK2;PTPN11;EFNB2;ABL1;PDPK1;PRKCA
prerank,Autophagy,0.38422084409930024,1.4590531295298312,0.007619047619047619,0.06276857106672849,0.967,48/128,20.45%,CFLAR;PIK3CD;WDR41;DDIT4;AKT3;TANK;STX17;MRAS;TRAF6;ERN1;MTMR3;C9orf72;BCL2L1;NRBF2;RAB33B;WIPI1;RRAS2;ATG12;ITPR1;GABARAPL1;SH3GLB1;ZFYVE1;RB1CC1;ULK1;TSC1;RRAGC;TBK1;MAPK8;CAMKK2;TP53INP2;KRAS;ATG14;RAB39B;IGF1R;UVRAG;IGBP1;EIF2AK3;CTSB;ULK2;SUPT20H;HIF1A;LAMP2;ATG13;PIK3C3;SMCR8;PIK3CA;ATG5;PIK3CB
prerank,Viral carcinogenesis,0.3719239165068567,1.455347869991961,0.0,0.06385610724578734,0.969,39/155,14.37%,NFKB1;SP100;CREB5;IRF9;STAT5A;EIF2AK2;TRAF1;LYN;PIK3CD;HDAC9;JAK1;NFKBIA;IRF7;CREB1;PMAIP1;GTF2H1;REL;USP7;JUN;ATF4;CDKN1A;TRAF3;CDKN2B;C3;RBPJ;CDK6;DLG1;UBR4;NFKB2;STAT3;CASP8;POLB;GTF2H3;GTF2E1;TRAF5;KRAS;UBE3A;STAT5B;HLA-F
prerank,Citrate cycle (TCA cycle),-0.4773346799057825,-1.449933896298644,0.05283757338551859,0.08275632905738337,0.967,15/29,27.98%,PDHB;MDH1;FH;IDH3B;SUCLG1;IDH3G;PC;IDH2;MDH2;SDHA;SDHB;OGDHL;PDHA1;SDHD;IDH3A
prerank,Glycosylphosphatidylinositol (GPI)-anchor biosynthesis,-0.5029531751902055,-1.448110485240383,0.05040322580645161,0.08191610211166943,0.967,12/25,23.16%,PIGQ;DPM2;GPAA1;PIGM;GPLD1;PIGX;PIGU;PIGC;PIGW;PIGT;PIGZ;PIGG
prerank,N-Glycan biosynthesis,-0.43450567957469516,-1.4425477222317777,0.031512605042016806,0.08309362204585437,0.969,17/48,16.26%,MGAT5B;DPM2;ALG12;DOLPP1;MOGS;ALG14;ALG1;ALG3;RPN1;DPM3;MGAT1;RPN2;ALG8;MGAT4B;DOLK;DPAGT1;B4GALT2
prerank,Cell cycle,-0.3698751900186687,-1.4384447119996524,0.002036659877800407,0.0838272076112069,0.972,36/121,16.49%,CDKN2C;CCNB1;MCM5;ANAPC2;PCNA;ANAPC5;CDC20;ANAPC11;MCM3;CCNE1;GADD45G;PKMYT1;FZR1;SKP2;SFN;CDC45;PLK1;MAD1L1;E2F2;MCM4;ESPL1;E2F1;CCNB2;RBX1;CDC25C;MAD2L2;ORC1;CCND3;CDK4;MCM7;CDC6;MCM2;MCM6;TGFB3;HDAC1;CDC25A
prerank,Relaxin signaling pathway,0.3845691567760473,1.4380692730975666,0.02867383512544803,0.07284390544286148,0.984,42/108,24.30%,NFKB1;CREB5;VEGFA;VEGFC;PIK3CD;AKT3;COL4A1;NFKBIA;MMP1;CREB1;EGFR;MMP13;COL4A2;MMP9;JUN;ATF4;COL4A6;SOS2;MAPK8;MMP2;KRAS;SOS1;PLCB1;COL4A4;SMAD2;NOS1;GNB4;PLCB4;ATF2;MAP2K4;PIK3CA;PIK3CB;GNB1;TGFBR1;ADCY4;PRKCA;RELA;COL4A5;GNG2;PIK3R1;SHC4;COL4A3
prerank,Histidine metabolism,-0.5616826546432969,-1.4367785641853146,0.07302231237322515,0.0827030249979596,0.973,10/15,32.10%,ALDH3A2;ALDH3B2;ALDH3A1;ALDH9A1;MAOB;HAL;ALDH3B1;ALDH2;ALDH1B1;HNMT
prerank,Pentose and glucuronate interconversions,-0.5232866096822932,-1.4313681210503872,0.054901960784313725,0.0847495140930066,0.978,8/19,33.62%,DCXR;AKR1A1;GUSB;UGT1A10;UGDH;CRYL1;DHDH;UGT2B7
prerank,Tyrosine metabolism,-0.4815346977976115,-1.4214716306096844,0.05979381443298969,0.08936936171602108,0.981,15/25,27.50%,ADH6;ADH1C;DDC;ALDH3B2;ALDH3A1;COMT;FAHD1;HGD;GSTZ1;PNMT;FAH;MAOB;HPD;GOT2;ALDH3B1
prerank,"Alanine, aspartate and glutamate metabolism",0.48098397834059337,1.4179440430783814,0.06597938144329897,0.083080510167363,0.99,6/30,5.74%,GPT2;GFPT1;GFPT2;ASNS;DDO;ASS1
prerank,Viral myocarditis,0.4330678603764901,1.4119994900364672,0.043151969981238276,0.08600560187560587,0.992,17/50,24.20%,ICAM1;ABL2;FYN;CD55;RAC2;LAMA2;CASP8;EIF4G3;HLA-DQA1;HLA-F;SGCB;SGCD;HLA-B;CXADR;ABL1;EIF4G2;CD40
prerank,Aminoacyl-tRNA biosynthesis,-0.48255343501618114,-1.3994704976002919,0.07528957528957529,0.10303811984949578,0.986,10/24,23.88%,FARSA;SARS2;VARS2;EARS2;CARS2;FARS2;GATC;MTFMT;FARSB;AARS2
prerank,Maturity onset diabetes of the young,-0.5518704629693792,-1.3979357056765247,0.07370517928286853,0.10199768434906203,0.986,8/15,26.67%,FOXA2;MNX1;HNF1A;HES1;HNF4A;FOXA3;ONECUT1;HHEX
prerank,Drug metabolism,-0.3844602105686216,-1.3952201797564492,0.02857142857142857,0.10212417695439717,0.986,20/70,15.40%,ADH6;CES2;ADH1C;NME3;DUT;GSTT1;GSTP1;UCK1;TK1;ALDH3B2;MGST2;GSTO1;ALDH3A1;GSTK1;CYP2C9;IMPDH1;ITPA;NME4;RRM2;MGST1
prerank,Dilated cardiomyopathy,0.3982906710778641,1.3914293879209125,0.035580524344569285,0.0988783662746506,0.996,20/70,16.97%,ITGA5;ITGA2;ITGB3;TPM4;TGFB2;ITGAV;TNF;TPM1;ATP2A3;ITGA3;CACNG7;LAMA2;SLC8A1;CACNG6;ITGB1;ITGB8;ITGA4;SGCB;ITGA1;SGCD
prerank,Ferroptosis,0.44938319810762206,1.39077829889262,0.07407407407407407,0.0982698319976154,0.996,8/37,11.17%,SLC11A2;SAT1;MAP1LC3B;PRNP;ACSL4;SLC39A14;SLC7A11;ACSL1
prerank,Type II diabetes mellitus,0.453730937663005,1.387203535184018,0.07581967213114754,0.09983807751326501,0.996,13/35,23.28%,HK2;PRKCE;PIK3CD;SOCS2;TNF;MAPK8;INSR;PIK3CA;PIK3CB;IKBKB;HKDC1;PRKCD;PIK3R1
prerank,Nucleotide excision repair,-0.4207288164511541,-1.3859362606678107,0.047311827956989246,0.10702984198758854,0.991,19/43,21.02%,LIG1;POLD1;PCNA;POLE4;CETN2;RFC2;POLD2;POLE2;RBX1;RFC3;POLE;RFC5;RPA3;RPA2;GTF2H4;RFC4;ERCC2;ERCC1;XPA
prerank,Cardiac muscle contraction,-0.3961919097460159,-1.3844337338901336,0.04411764705882353,0.10605149332224728,0.991,25/55,22.57%,COX8A;UQCR11;COX5B;COX5A;UQCRQ;CYC1;ATP1A3;COX6A1;FXYD2;UQCRC1;TPM2;COX7C;ATP1B3;COX7B;COX4I1;UQCR10;COX6B1;COX6C;CACNG4;CACNA1D;UQCRFS1;TNNC1;SLC9A6;UQCRHL;CACNB4
prerank,"Growth hormone synthesis, secretion and action",0.3745488885829528,1.382445443609599,0.026052104208416832,0.1020962201430449,0.996,23/96,14.26%,STAT1;CREB5;STAT5A;PIK3CD;AKT3;SOCS2;CREB1;PTK2;JAK2;ITPR3;PLCG2;ATF4;SOS2;ITPR2;ITPR1;CRKL;MAPK8;STAT3;GSK3B;KRAS;SOS1;PLCB1;STAT5B
prerank,Non-small cell lung cancer,0.39954899040722985,1.3780435590515854,0.03937007874015748,0.10428362780321565,0.997,20/68,14.26%,TGFA;STAT5A;GADD45A;PIK3CD;AKT3;MET;FOXO3;KIF5C;EGFR;PLCG2;BRAF;CDKN1A;SOS2;CDK6;POLK;KIF5A;STAT3;KRAS;SOS1;STAT5B
prerank,Staphylococcus aureus infection,0.43214958788045643,1.3752970025125715,0.05697445972495088,0.10531658025634079,0.997,5/47,1.89%,ICAM1;C1R;PTAFR;CFB;C1S
prerank,Glycerophospholipid metabolism,-0.38372212804697714,-1.3742731399669195,0.028077753779697623,0.11193411127595841,0.996,23/70,18.29%,PCYT2;LPCAT3;CDIPT;PTDSS1;LYPLA2;PEMT;MBOAT7;PNPLA6;DGKZ;AGPAT2;PTDSS2;DGKQ;PLA2G4F;PLA2G12A;PLA2G10;PLA2G15;PGS1;CRLS1;LPCAT1;PLD3;GPD1;TAZ;CHKA
prerank,Notch signaling pathway,0.40598449632238076,1.3620688842432565,0.06237424547283702,0.11466318273977162,0.997,11/55,9.57%,DTX3L;PSEN1;JAG1;CTBP2;ADAM17;ATXN1;MAML2;APH1B;TLE4;RBPJ;NOTCH2
prerank,Hippo signaling pathway,0.3499138255204974,1.3616226556916562,0.03260869565217391,0.11394647281994592,0.997,36/141,18.53%,BIRC3;SERPINE1;MYC;BMP2;FRMD6;SMAD3;WWC1;TGFB2;SAV1;AJUBA;PPP2R2A;SMAD7;TP53BP2;LATS1;SNAI2;FZD6;DLG3;BMPR2;TCF7L2;DLG1;SMAD1;BIRC2;RASSF6;GSK3B;PRKCI;LATS2;DLG4;MOB1B;SMAD2;FGF1;PPP2R2B;SMAD4;FBXW11;YWHAZ;PARD3;WNT11
prerank,beta-Alanine metabolism,-0.46284986296836905,-1.3615317355323222,0.09631147540983606,0.12084671950712529,1.0,7/25,15.20%,ALDH3A2;MLYCD;ACADS;ALDH3B2;ALDH3A1;ECHS1;ALDH9A1
prerank,Alzheimer disease,-0.31252528318744255,-1.3609773126280706,0.0024875621890547263,0.11900568747852713,1.0,110/305,20.65%,PIK3R2;PSMB3;NDUFA2;NDUFB11;COX8A;UQCR11;NDUFS7;NDUFC1;PSMD3;FRAT1;NDUFS3;NDUFAB1;NDUFS6;NDUFB7;COX5B;BAD;COX5A;UQCRQ;FZD2;PLCB3;WIPI2;CYC1;HSD17B10;TUBB4A;VDAC3;NDUFB2;NDUFA11;FZD1;MME;NDUFB10;TUBB4B;DVL2;COX6A1;NDUFS8;PSMC4;FRAT2;NDUFB1;NDUFB6;UQCRC1;NDUFA3;PSMD9;AKT1;NDUFA4;NDUFC2;ADRM1;FZD9;PSMA1;CDK5;NDUFB8;GRIN2C;PSMA7;NDUFA7;NDUFA8;NDUFV3;NOX1;NDUFA10;HRAS;PSMB4;PSENEN;MAP2K7;FZD8;TUBA1C;DKK1;PSMD6;NDUFA9;PSMC3;ATG2A;PPIF;PSMB5;APH1A;SLC25A4;NDUFS5;SLC25A5;NDUFA6;COX7C;CAPN1;LRP5;PSMB1;CALM1;APC2;TUBB;COX7B;PSMD13;NDUFB4;SNCA;TNFRSF1A;COX4I1;NDUFV1;DVL1;TUBA1B;TUBA4A;NDUFA13;UQCR10;COX6B1;GAPDH;PSEN2;BACE1;COX6C;TUBB3;CACNA1D;PSMC5;SDHA;TUBB6;PSMA3;PSMB6;PSMB2;BID;UQCRFS1;KLC2;FZD3
prerank,Leukocyte transendothelial migration,0.3686113636632671,1.3558935290699854,0.050387596899224806,0.11749504786230658,0.997,34/90,24.75%,ICAM1;CLDN1;MYL12A;OCLN;PIK3CD;VAV1;NCF2;F11R;PTK2;RAC2;PLCG2;MMP9;PTK2B;ITGB1;CLDN16;MMP2;ITGA4;ARHGAP5;ROCK1;PIK3CA;PIK3CB;ROCK2;PTPN11;MSN;PRKCA;RAP1A;CTNND1;ITGAM;ACTN1;PIK3R1;CTNNA1;CLDN10;CXCR4;CTNNA2
prerank,Fc epsilon RI signaling pathway,0.4078649019825799,1.3488018750007686,0.06719367588932806,0.12198323208609557,0.998,15/55,13.89%,CSF2;LYN;PIK3CD;FYN;AKT3;VAV1;PLA2G4C;TNF;GAB2;RAC2;PLCG2;SOS2;MAPK8;KRAS;SOS1
prerank,Bile secretion,-0.39399613796372335,-1.343471550752826,0.07515657620041753,0.13234160051124427,1.0,20/54,26.76%,SLC4A2;ADCY5;AQP1;ATP1A3;FXYD2;RXRA;SLC51B;ABCC2;GNAS;BAAT;ATP1B3;EPHX1;ADCY1;SCARB1;NR1H4;SLC4A4;HMGCR;PRKACB;SLC9A3;PRKACA
prerank,Melanoma,0.39565592547962036,1.3365357847282784,0.08458646616541353,0.13079847944794423,0.999,17/56,14.90%,PDGFB;GADD45A;FGF19;PIK3CD;AKT3;MET;FGF2;EGFR;BRAF;CDKN1A;CDK6;POLK;MITF;KRAS;PDGFC;IGF1R;FGF1
prerank,Oocyte meiosis,-0.3452351221637964,-1.33480197446187,0.03811659192825112,0.1380543242846009,1.0,33/103,26.76%,CCNB1;ADCY5;ANAPC2;PPP1CA;ANAPC5;CDC20;ANAPC11;CCNE1;PKMYT1;PPP2R1A;PLK1;MAD1L1;ESPL1;CCNB2;RBX1;CDC25C;AURKA;MAD2L2;FBXO43;CALM1;PPP2R5D;ADCY1;ANAPC7;MAPK12;CALM3;RPS6KA1;CALML5;PPP2R1B;CDK1;PRKACB;AR;PTTG1;PRKACA
prerank,Retinol metabolism,-0.4078508610091472,-1.3241859220670456,0.08835341365461848,0.1456946788744432,1.0,9/40,12.04%,ADH6;ADH1C;ALDH1A2;DGAT1;DHRS4L2;DHRS4;CYP2C18;CYP2C9;RDH5
prerank,Human T-cell leukemia virus 1 infection,0.3300492234243942,1.3214810195763127,0.026690391459074734,0.1434145359454568,0.999,40/200,14.58%,IL6;ICAM1;NFKB1;CSF2;ETS1;CREB5;MYC;STAT5A;PIK3CD;IL15RA;SMAD3;AKT3;TGFB2;JAK1;IL15;NFKBIA;RELB;TNF;BCL2L1;CREB1;ELK4;NFYB;JUN;ATF4;CDKN1A;CDKN2B;ZFP36;DLG1;XIAP;NFKB2;MAPK8;FOSL1;POLB;KRAS;ANAPC10;SLC2A1;STAT5B;HLA-DQA1;HLA-F;SMAD2
prerank,"Parathyroid hormone synthesis, secretion and action",0.36144383281202336,1.319856953857682,0.057971014492753624,0.14381639990525863,0.999,17/91,9.87%,HBEGF;CREB5;RUNX2;VDR;PLD1;CREB1;EGFR;PDE4B;ITPR3;MMP13;ATF4;BRAF;CDKN1A;MEF2A;GATA3;ITPR2;ITPR1
prerank,Ribosome biogenesis in eukaryotes,-0.363030393668909,-1.3190829337969434,0.059548254620123205,0.14790442126315256,1.0,25/70,25.11%,IMP3;POP5;TBL3;POP7;IMP4;NHP2;POP4;NXF1;RPP25L;RPP25;POP1;FBL;NOP56;RRP7A;REXO1;RAN;EIF6;LSG1;GAR1;NOL6;NXT1;EMG1;TCOF1;CSNK2B;PWP2
prerank,Non-alcoholic fatty liver disease,-0.327037252981839,-1.3150757965185895,0.0378619153674833,0.14934764004490236,1.0,51/138,18.13%,PIK3R2;SREBF1;NDUFA2;NDUFB11;COX8A;UQCR11;NDUFS7;NDUFC1;NDUFS3;NDUFAB1;NDUFS6;NDUFB7;COX5B;COX5A;UQCRQ;CEBPA;CYC1;NDUFB2;NDUFA11;NDUFB10;MAP3K11;BAX;COX6A1;NDUFS8;NDUFB1;NDUFB6;UQCRC1;NDUFA3;AKT1;NDUFA4;NDUFC2;RXRA;NDUFB8;NDUFA7;NDUFA8;NDUFV3;NDUFA10;NDUFA9;IL6R;NDUFS5;NDUFA6;COX7C;COX7B;NDUFB4;TNFRSF1A;COX4I1;NDUFV1;NDUFA13;UQCR10;COX6B1;COX6C
prerank,Mucin type O-glycan biosynthesis,0.4504229155280318,1.3130243425668648,0.12210526315789473,0.1489632163230975,1.0,6/28,10.94%,ST3GAL1;B4GALT5;GCNT4;GCNT1;GALNT12;ST6GALNAC3
prerank,Systemic lupus erythematosus,0.4511269615887667,1.3102274107280392,0.12573673870333987,0.15024571681727394,1.0,5/30,9.09%,C1R;C1S;TRIM21;TNF;C3
prerank,Chemical carcinogenesis,0.3339556632675512,1.3089641522894204,0.02821869488536155,0.15001977970547378,1.0,26/165,9.57%,NFKB1;ADRB2;CREB5;VEGFA;MYC;STAT5A;VDR;JAG1;CYP1A1;PIK3CD;CYP1B1;PAQR5;AKT3;HSD11B1;RPS6KA2;KPNA7;FGF2;CREB1;EGFR;JAK2;ARNT;JUN;ATF4;SOS2;CHRNB4;NOTCH2
prerank,Phenylalanine metabolism,-0.5144105700921293,-1.3073985521740434,0.13692946058091288,0.15498261707454397,1.0,7/14,27.50%,DDC;ALDH3B2;ALDH3A1;MAOB;HPD;GOT2;ALDH3B1
prerank,Thiamine metabolism,-0.5338373518634536,-1.2847557674397192,0.16342412451361868,0.17761813254797248,1.0,5/12,19.22%,AK1;ACP1;NTPCR;THTPA;NFS1
prerank,Lysosome,-0.32621166172964744,-1.275135149256145,0.059548254620123205,0.1866815199357662,1.0,35/119,17.20%,ATP6AP1;NAGPA;MCOLN1;ATP6V0D1;ATP6V0C;TCIRG1;HYAL2;ATP6V0B;CLTB;AP1M1;LAPTM4B;CTSD;CLN3;IDUA;GBA;NAGLU;ABCB9;SMPD1;HYAL3;GLA;PPT2;GNPTG;PLA2G15;AP1M2;AP4M1;AP1B1;CLTA;NAGA;SGSH;HYAL1;ARSA;SLC11A1;NEU1;ACP5;LAMP1
prerank,Glycosaminoglycan degradation,-0.4967699641954533,-1.2739466853479873,0.15187376725838264,0.1850590536423796,1.0,7/16,20.76%,HYAL2;IDUA;NAGLU;HYAL3;SGSH;HYAL1;GUSB
prerank,Proximal tubule bicarbonate reclamation,-0.4718554852312268,-1.273345114946642,0.16024340770791076,0.18270704135626353,1.0,5/17,7.16%,SLC25A10;AQP1;ATP1A3;MDH1;FXYD2
prerank,PPAR signaling pathway,0.3883895781170891,1.2682092044067164,0.12373225152129817,0.19306168937213683,1.0,7/54,7.38%,GK;OLR1;PCK2;ANGPTL4;MMP1;ACSL4;PLIN2
prerank,Pathways of neurodegeneration,-0.28279005879175884,-1.2580620408372543,0.012919896640826873,0.1987149624911595,1.0,125/392,20.65%,PSMB3;NDUFA2;NDUFB11;COX8A;UQCR11;NDUFS7;NDUFC1;PSMD3;MAP2K6;FRAT1;NDUFS3;NDUFAB1;NDUFS6;NDUFB7;DCTN3;COX5B;GPX1;TOMM40;BAD;COX5A;UQCRQ;FZD2;PLCB3;WIPI2;CYC1;HSD17B10;TUBB4A;VDAC3;NDUFB2;NDUFA11;FZD1;NDUFB10;TUBB4B;BAX;SIGMAR1;DVL2;COX6A1;NDUFS8;PSMC4;FRAT2;NDUFB1;NDUFB6;UQCRC1;NDUFA3;PSMD9;NDUFA4;PARK7;NDUFC2;UBE2J2;ADRM1;FZD9;PSMA1;CDK5;NDUFB8;GRIN2C;PSMA7;NDUFA7;NDUFA8;NDUFV3;VCP;UBB;NOX1;NDUFA10;HRAS;PSMB4;MAP2K7;FZD8;TUBA1C;DKK1;PSMD6;ACTR1B;NDUFA9;PSMC3;ATG2A;PPIF;PSMB5;UBA52;SLC25A4;NDUFS5;SLC25A5;NDUFA6;COX7C;CAPN1;LRP5;PSMB1;CALM1;APC2;GPX3;CCS;TUBB;COX7B;PSMD13;NDUFB4;SNCA;TNFRSF1A;COX4I1;NDUFV1;DVL1;TUBA1B;TUBA4A;GPX2;NDUFA13;UQCR10;COX6B1;PSEN2;SOD1;COX6C;TUBB3;CACNA1D;ACTR1A;PSMC5;SDHA;TUBB6;MAPK12;CAT;PSMA3;PSMB6;PSMB2;BID;UQCRFS1;KLC2;TRAP1;SPTBN2;FUS;FZD3
prerank,Glioma,0.35994008751445,1.257647993710689,0.13398058252427184,0.20438045845240072,1.0,16/69,14.89%,PDGFB;TGFA;GADD45A;PIK3CD;AKT3;EGFR;PLCG2;BRAF;CDKN1A;SOS2;CDK6;POLK;KRAS;SOS1;CAMK1D;IGF1R
prerank,Endometrial cancer,0.36766834584683117,1.254925768154357,0.11937377690802348,0.20592041609919332,1.0,14/56,13.89%,MYC;GADD45A;PIK3CD;AKT3;FOXO3;EGFR;BRAF;CDKN1A;SOS2;TCF7L2;POLK;GSK3B;KRAS;SOS1
prerank,Apelin signaling pathway,0.335206086055949,1.25425050165526,0.08178438661710037,0.20492117399072454,1.0,31/111,21.93%,PLAT;SERPINE1;PRKCE;JAG1;SMAD3;AKT3;MRAS;PRKAG2;ITPR3;PRKAB2;RRAS2;MEF2A;ITPR2;ITPR1;GABARAPL1;SLC8A1;KRAS;PLCB1;SMAD2;NOS1;GNA13;SMAD4;GNB4;MEF2D;PLCB4;PIK3C3;SLC9A1;GNB1;TGFBR1;RPS6KB1;ADCY4
prerank,Progesterone-mediated oocyte maturation,-0.3420490696962029,-1.2538464920871855,0.08971553610503283,0.2008293331940005,1.0,26/81,22.15%,PIK3R2;CCNB1;ADCY5;KIF22;ANAPC2;ANAPC5;ANAPC11;PKMYT1;FZR1;AKT1;PLK1;MAD1L1;CCNB2;CDC25C;AURKA;MAD2L2;GNAI2;CDC25A;ADCY1;ANAPC7;MAPK12;CDC25B;AKT2;CCNA2;HSP90AB1;RPS6KA1
prerank,Cysteine and methionine metabolism,-0.39599627482580896,-1.251537694249613,0.1413934426229508,0.20051914728312353,1.0,9/36,12.03%,ADI1;SRM;MRI1;TST;GSS;MPST;MDH1;LDHB;BCAT2
prerank,Arachidonic acid metabolism,-0.3959811635696739,-1.24330519194303,0.1437125748502994,0.20834619919339578,1.0,15/36,25.10%,CBR1;TBXAS1;GPX1;CYP4F3;PTGES2;PLA2G4F;CYP2C9;PLA2G12A;PLA2G10;GPX3;GPX2;CBR3;GGT1;EPHX2;GPX7
prerank,alpha-Linolenic acid metabolism,-0.507041528457975,-1.2396465052272794,0.2060491493383743,0.21013685525956277,1.0,5/12,15.96%,ACAA1;PLA2G4F;PLA2G12A;PLA2G10;FADS2
prerank,Primary immunodeficiency,0.4602436867915913,1.2371157129425272,0.17564870259481039,0.22635924125555867,1.0,5/20,10.79%,TAP1;IL7R;TAP2;RAG1;CD8A
prerank,Fanconi anemia pathway,-0.37311538311435877,-1.2332042122519138,0.15447154471544716,0.21543728563295386,1.0,24/46,33.50%,TELO2;FANCG;UBE2T;EME2;RMI2;FANCA;HES1;RPA3;RPA2;FANCD2;ERCC1;BLM;RAD51;MUS81;FANCC;POLN;TOP3B;MLH1;FANCI;SLX4;TOP3A;FANCB;RPA1;FANCL
prerank,Fat digestion and absorption,-0.4776589234459212,-1.2316579085941566,0.18379446640316205,0.21439823654891482,1.0,10/16,23.94%,DGAT1;AGPAT2;ACAT2;PLA2G12A;PLA2G10;SLC27A4;NPC1L1;DGAT2;SCARB1;ACAT1
prerank,Other glycan degradation,-0.4712988458050137,-1.2309456254450581,0.214,0.2121392602592598,1.0,7/16,20.53%,GBA;MAN2C1;GBA2;NEU1;ENGASE;NEU4;FUCA2
prerank,Phagosome,0.32638202466827476,1.2292621358371432,0.119140625,0.2353037508570712,1.0,23/122,12.38%,TLR2;ITGA5;C1R;TAP1;OLR1;ITGA2;ITGB3;ITGAV;NCF2;PLA2R1;TAP2;CTSS;STX7;DYNC1I2;C3;MARCO;EEA1;ITGB1;DYNC1LI2;THBS1;TUBB2B;RAB5A;STX12
prerank,Inflammatory mediator regulation of TRP channels,0.3428208408847668,1.229146147439604,0.13513513513513514,0.23343146044637247,1.0,16/80,14.34%,IL1B;PRKCE;PRKCH;PIK3CD;HRH1;IL1RAP;PLA2G4C;TRPV3;ITPR3;PLCG2;ITPR2;ITPR1;MAPK8;PLCB1;CYP2J2;BDKRB2
prerank,Signaling pathways regulating pluripotency of stem cells,0.32205106718443455,1.2258295689979746,0.1104868913857678,0.23606132962818466,1.0,30/115,15.91%,INHBA;MYC;LIF;PIK3CD;SMAD3;AKT3;LIFR;SKIL;FGF2;JAK1;INHBE;ZFHX3;JAK2;PCGF5;FZD6;BMPR2;REST;SMAD1;ACVR2A;STAT3;JARID2;MEIS1;GSK3B;KRAS;KLF4;SMAD2;IGF1R;KAT6A;ACVR2B;IL6ST
prerank,Pantothenate and CoA biosynthesis,0.47953322974841484,1.2198783817360475,0.21314741035856574,0.24241354411397437,1.0,5/17,7.80%,VNN1;BCAT1;VNN3;DPYD;VNN2
prerank,Arginine and proline metabolism,-0.37578042885418256,-1.2161634623753987,0.1488933601609658,0.22879068304779301,1.0,11/40,11.42%,HOGA1;AGMAT;ALDH3A2;PRODH;SRM;CKMT1A;ALDH4A1;GAMT;PRODH2;CKMT1B;PYCR2
prerank,Peroxisome,-0.33461204961100044,-1.2155319569632508,0.14556962025316456,0.2264360162378199,1.0,27/73,17.99%,DECR2;MVK;MPV17L2;PXMP4;PXMP2;MLYCD;PMVK;PEX11G;DHRS4;PEX16;ACAA1;ACOX2;PRDX1;PRDX5;ECH1;PEX11B;GSTK1;ACOT8;PEX14;PEX6;CRAT;PEX10;BAAT;AMACR;IDH2;MPV17;SOD1
prerank,"Valine, leucine and isoleucine degradation",-0.37103794895666375,-1.2065071413562556,0.16198704103671707,0.23537762602615975,1.0,23/43,31.42%,ALDH3A2;HSD17B10;IVD;ACADS;ACAA1;AACS;ACAT2;ECHS1;BCAT2;MCCC2;HADH;ALDH9A1;MCEE;ACSF3;ACAT1;HIBCH;PCCB;MCCC1;HMGCS1;ALDH2;ACAA2;BCKDHB;ALDH1B1
prerank,Choline metabolism in cancer,0.3392979506490615,1.2025807872034169,0.1634980988593156,0.26663495945186155,1.0,31/84,23.73%,PDGFB;PIK3CD;AKT3;PLA2G4C;PLD1;PIP5K1A;EGFR;RAC2;WASF2;JUN;DGKA;SOS2;DGKD;DGKE;TSC1;MAPK8;KRAS;SOS1;PDGFC;LYPLA1;SLC44A1;PDGFA;HIF1A;PIK3CA;SP1;PIK3CB;RPS6KB1;PDPK1;PRKCA;PIK3R1;WASF1
prerank,Thyroid cancer,0.3939698150917127,1.194460161494225,0.2198443579766537,0.2768742027127794,1.0,7/34,13.67%,MYC;GADD45A;BRAF;CDKN1A;TCF7L2;POLK;KRAS
prerank,GnRH signaling pathway,0.33505851475434817,1.19048634426776,0.17533718689788053,0.28128417922917404,1.0,17/76,14.03%,HBEGF;PLA2G4C;PLD1;EGFR;ITPR3;JUN;ATF4;PTK2B;SOS2;ITPR2;ITPR1;MAPK8;MAP3K2;MMP2;KRAS;SOS1;PLCB1
prerank,Human immunodeficiency virus 1 infection,0.2994454984212828,1.1880974115170666,0.10839160839160839,0.2829289030186568,1.0,53/172,23.28%,NFKB1;TLR2;TAP1;TNFRSF1B;PIK3CD;SAMHD1;AKT3;TAB2;TRAF6;NFKBIA;TNF;BCL2L1;TRIM5;PTK2;RAC2;ITPR3;TAP2;PLCG2;APOBEC3G;JUN;MYD88;PTK2B;RIPK1;ITPR2;ITPR1;CRKL;TBK1;MAPK8;CASP8;PAK2;TRAF5;KRAS;HLA-F;PPP3CC;FBXW11;GNB4;CUL4A;BTRC;PPP3R1;ATM;PIK3CA;CUL4B;HLA-B;PIK3CB;APOBEC3F;GNB1;IKBKB;RPS6KB1;PRKCA;RELA;MAP3K7;GNG2;PIK3R1
prerank,Neutrophil extracellular trap formation,0.33423196544460615,1.1873346541512686,0.1627450980392157,0.28184635900429716,1.0,11/84,7.25%,NFKB1;TLR2;CLCN4;ITGB3;PIK3CD;AKT3;HDAC9;NCF2;RAC2;CASP1;PLCG2
prerank,Platelet activation,0.3206193041229007,1.184563031264935,0.149812734082397,0.28368406184950956,1.0,21/99,15.96%,RASGRP1;ITGA2;LYN;MYL12A;ITGB3;PIK3CD;FYN;AKT3;PRKG2;PLA2G4C;ITPR3;PLCG2;ITPR2;ITPR1;ITGB1;PPP1R12A;F2R;PRKCI;PLCB1;GNA13;ROCK1
prerank,Cocaine addiction,0.37657834108243815,1.1840679730672132,0.1865671641791045,0.2820716711140144,1.0,6/39,7.96%,NFKB1;CREB5;DRD1;CREB1;JUN;ATF4
prerank,Longevity regulating pathway,0.3271507072995638,1.1785146631810173,0.15625,0.2893138348462532,1.0,16/91,11.54%,SOD2;NFKB1;CREB5;FOXO1;PIK3CD;AKT3;FOXO3;SESN2;PRKAG2;CREB1;PRKAB2;ATF4;HSPA1L;RB1CC1;ULK1;TSC1
prerank,Glycolysis / Gluconeogenesis,-0.34187716660734885,-1.177456538767713,0.18275154004106775,0.2757861907956998,1.0,27/52,29.58%,ADH6;ADH1C;ALDH3A2;G6PC3;PDHB;GALM;ALDH3B2;ACSS1;LDHB;ALDH3A1;FBP1;ALDH9A1;PFKL;AKR1A1;GAPDH;ALDOA;ENO1;GPI;PKM;TPI1;PDHA1;ALDH3B1;ADPGK;ENO4;ALDH2;PGAM2;MINPP1
prerank,Basal transcription factors,0.37734880198533916,1.173833338991449,0.21001926782273603,0.2944161495617052,1.0,14/39,20.08%,CDK7;TAF4B;TAF7;GTF2H1;GTF2F2;TAF9;GTF2H3;GTF2E1;TAF13;TAF2;GTF2E2;TAF1;CCNH;GTF2IRD1
prerank,One carbon pool by folate,0.45098257383847096,1.173162993996545,0.26666666666666666,0.29323896585299725,1.0,4/17,5.71%,ALDH1L2;MTHFD2;MTHFD1L;GART
prerank,Phospholipase D signaling pathway,0.3090587367513401,1.170937250633027,0.16296296296296298,0.2945332281772906,1.0,29/112,16.86%,PDGFB;CYTH1;PIK3CD;FYN;AKT3;PLA2G4C;MRAS;PLD1;GAB2;GAB1;PIP5K1A;EGFR;PLCG2;RRAS2;PTK2B;DGKA;SOS2;DGKD;DGKE;TSC1;F2R;KRAS;SOS1;PLCB1;PDGFC;GNA13;RALA;PDGFA;INSR
prerank,Cholinergic synapse,0.3289358372751703,1.1633765704021737,0.18609022556390978,0.3045599970040252,1.0,28/79,23.59%,CREB5;PIK3CD;FYN;AKT3;ACHE;CREB1;JAK2;ITPR3;KCNQ3;ATF4;CHRNB4;ITPR2;ITPR1;KRAS;PLCB1;CHRNA7;GNB4;PLCB4;KCNQ5;PIK3CA;PIK3CB;GNB1;ADCY4;KCNQ1;PRKCA;GNG2;PIK3R1;KCNJ2
prerank,Pyrimidine metabolism,-0.34886277332697624,-1.1622139176589021,0.1950207468879668,0.2973795400923956,1.0,16/46,19.55%,DTYMK;NME3;DUT;DCTPP1;ENTPD8;UCK1;TK1;NT5C;NT5C3B;DHODH;NME4;RRM2;PNP;NME1;ENTPD6;CAD
prerank,Glycosphingolipid biosynthesis,0.37434683068085683,1.154022427127642,0.23076923076923078,0.3182048242483419,1.0,7/39,10.94%,FUT1;B4GALT1;ST3GAL1;B3GNT5;FUT3;ST3GAL5;ST6GALNAC3
prerank,cAMP signaling pathway,0.2921529442474538,1.1507186850112927,0.161231884057971,0.3213119554380054,1.0,45/155,23.38%,NFKB1;ADRB2;CREB5;PIK3CD;DRD1;AKT3;VAV1;PLD1;NFKBIA;ATP2A3;OXTR;CREB1;PDE4B;RAC2;ATP1B1;ADORA2A;HCAR3;JUN;RRAS2;BRAF;PDE10A;MAPK8;ATP2B4;PPP1R12A;F2R;HTR1D;PDE4D;ROCK1;EDN2;CREBBP;CFTR;PIK3CA;EP300;SLC9A1;PIK3CB;PTCH1;ATP2B1;ROCK2;BDNF;ADCY4;RAP1A;HCAR2;RELA;PIK3R1;PPARA
prerank,Allograft rejection,0.4188827358826369,1.1498436492730462,0.25697211155378485,0.3203309903535747,1.0,10/23,27.99%,TNF;IL12A;HLA-DQA1;HLA-F;HLA-B;FAS;CD40;HLA-DOB;HLA-DPA1;HLA-E
prerank,Regulation of actin cytoskeleton,0.2858611648659477,1.1483678537795214,0.15413533834586465,0.3204733838403396,1.0,43/181,16.85%,PDGFB;ITGA5;ITGA2;FGF19;MYL12A;ITGB3;PIK3CD;DIAPH2;VAV1;ITGAV;SSH1;FGF2;MRAS;PIP5K1A;EGFR;ITGA3;PTK2;RAC2;WASF2;WASL;RRAS2;BRAF;SOS2;ITGB1;MYH9;CRKL;PPP1R12A;F2R;ITGB8;PAK2;KRAS;SOS1;ITGA4;PDGFC;BDKRB2;FGF1;GNA13;FN1;ROCK1;ENAH;ARHGEF7;ITGA1;PDGFA
prerank,Tight junction,0.29509182610078066,1.1476520826544234,0.1956124314442413,0.31930737780407153,1.0,33/143,15.96%,CLDN1;NEDD4;PRKCE;MYL12A;OCLN;RAB8B;RUNX1;PPP2R2A;PRKAG2;SYNPO;F11R;AMOTL2;PRKAB2;ARHGEF2;JUN;DLG3;MAP3K5;ARHGAP17;RAPGEF2;TJP1;BVES;NEDD4L;DLG1;ITGB1;MARVELD2;MYH9;MAPK8;CLDN16;PRKCI;TJP2;RAP2C;PPP2R2B;ROCK1
prerank,Glycosaminoglycan biosynthesis,0.35183887522490404,1.1422764627234872,0.22330097087378642,0.32615178209893303,1.0,15/47,15.86%,CHST11;CSGALNACT1;CSGALNACT2;B4GALT1;ST3GAL1;DSE;B3GNT7;EXT1;CHST3;CHST15;XYLT1;FUT8;CHST2;UST;B3GNT2
prerank,Tryptophan metabolism,0.3839826924405311,1.1305539663981872,0.2962962962962963,0.3447016630445984,1.0,5/31,4.31%,KYNU;AOX1;CYP1A1;CYP1B1;KMO
prerank,Fc gamma R-mediated phagocytosis,0.31903177742352895,1.1252942234922436,0.2674199623352166,0.3517617597046093,1.0,14/80,7.25%,PRKCE;LYN;PIK3CD;AKT3;VAV1;ASAP2;PLA2G4C;PLD1;ASAP1;GAB2;PIP5K1A;RAC2;WASF2;PLCG2
prerank,Calcium signaling pathway,0.2891661929027608,1.124628512399237,0.22965641952983726,0.35043897044391736,1.0,33/160,15.88%,PDGFB;ADRB2;VEGFA;PTAFR;VEGFC;FGF19;DRD1;HRH1;MET;FGF2;ATP2A3;OXTR;EGFR;ITPR3;ADORA2A;PLCG2;PTK2B;ITPR2;ITPR1;GNAL;PHKA1;SLC8A1;ATP2B4;F2R;PLCB1;PDGFC;BDKRB2;CAMK1D;FGF1;HTR7;NOS1;CHRNA7;PPP3CC
prerank,Carbohydrate digestion and absorption,-0.37343895355477147,-1.1228217376723435,0.28884462151394424,0.36634966934958074,1.0,8/29,8.39%,PIK3R2;G6PC3;SLC37A4;PLCB3;ATP1A3;SLC2A5;FXYD2;AKT1
prerank,Long-term depression,0.3446972070465437,1.1165379768899566,0.26879699248120303,0.36310324214729867,1.0,12/43,15.34%,LYN;PRKG2;PLA2G4C;ITPR3;BRAF;ITPR2;ITPR1;KRAS;PLCB1;IGF1R;NOS1;GNA13
prerank,Ubiquitin mediated proteolysis,0.2913708003227486,1.1124031704744761,0.22977941176470587,0.36840061872569624,1.0,39/132,21.81%,BIRC3;NEDD4;UBE2H;SMURF2;SMURF1;UBE2L6;TRAF6;UBE2E2;ITCH;UBE2Z;CBL;PML;NEDD4L;XIAP;TRIP12;CBLB;BIRC2;HERC4;UBE2W;UBE3A;ANAPC10;UBE2Q2;UBE2E1;FBXW7;UBR5;KLHL9;UBA6;HUWE1;FBXW11;UBE2R2;CUL4A;DET1;UBA3;BTRC;CUL4B;TRIM37;UBA7;SIAH1;FBXW8
prerank,Endocrine and other factor-regulated calcium reabsorption,-0.3393923953915553,-1.1094633826963247,0.2865979381443299,0.38831110205607183,1.0,15/39,20.42%,AP2S1;PLCB3;ATP1A3;CLTB;FXYD2;AP2A1;AP2M1;GNAS;DNM1;CLTA;ATP1B3;CALB1;DNM2;DNM3;PTH1R
prerank,Breast cancer,0.29025908662212846,1.1070821831785334,0.24470134874759153,0.37587750960216554,1.0,26/119,14.90%,MYC;GADD45A;JAG1;FGF19;PIK3CD;AKT3;FGF2;EGFR;JUN;FZD6;BRAF;CDKN1A;SOS2;NOTCH2;TCF7L2;CDK6;CSNK1A1;POLK;NCOA1;NFKB2;GSK3B;KRAS;NCOA3;SOS1;IGF1R;FGF1
prerank,Protein export,-0.39870200866406263,-1.1036917022841963,0.34968017057569295,0.3945798155065454,1.0,12/22,28.54%,SPCS1;SEC11C;SRPRB;SEC61B;SEC61A1;OXA1L;SRP14;SPCS3;IMMP1L;SEC61G;SRP9;SPCS2
prerank,Thyroid hormone signaling pathway,0.2942466508660715,1.1008383229521397,0.28435114503816794,0.385741590186062,1.0,32/108,20.45%,STAT1;MYC;FOXO1;ITGB3;PIK3CD;AKT3;ITGAV;ATP2A3;SLC16A2;RCAN1;ATP1B1;PLCG2;MED1;NOTCH2;MED13;NCOA1;GSK3B;KRAS;NCOA3;PFKP;SLC2A1;PLCB1;SIN3A;CREBBP;MED13L;PLCB4;MED12;HIF1A;PIK3CA;EP300;SLC9A1;PIK3CB
prerank,Renin-angiotensin system,-0.45501862231720464,-1.0969212263505788,0.3182751540041068,0.4032351019456676,1.0,3/13,6.43%,THOP1;MME;AGT
prerank,Nicotinate and nicotinamide metabolism,0.38163011012350456,1.0934540872537435,0.31524008350730687,0.39741468384801365,1.0,4/28,3.13%,AOX1;NAMPT;NT5C2;NT5E
prerank,Rap1 signaling pathway,0.2729420229615053,1.0917878720924024,0.2413793103448276,0.3978393476477225,1.0,51/172,22.60%,PDGFB;VEGFA;VEGFC;RASGRP3;FGF19;ITGB3;PIK3CD;AKT3;VAV1;MET;EFNA1;FGF2;MRAS;CSF1;SIPA1L2;EGFR;RAC2;ADORA2A;BRAF;PRKD3;RAPGEF2;EPHA2;ITGB1;THBS1;CRKL;F2R;KRAS;PRKCI;PLCB1;PDGFC;IGF1R;FGF1;ENAH;RALA;PDGFA;INSR;SIPA1L1;PARD3;PLCB4;DOCK4;NGFR;PIK3CA;APBB1IP;PIK3CB;ADCY4;RAPGEF6;PRKCA;RAP1A;RASGRP2;CTNND1;ITGAM
prerank,"Glycine, serine and threonine metabolism",-0.362976600171498,-1.0897545361437513,0.3232758620689655,0.413581936599904,1.0,7/29,9.22%,SHMT1;GCAT;GLYCTK;GRHPR;CHDH;GAMT;GCSH
prerank,SNARE interactions in vesicular transport,0.36388834254740876,1.0874952134285805,0.32210526315789473,0.4038259825115356,1.0,10/33,29.25%,STX17;STX7;STX11;STX19;GOSR1;STX3;STX6;VAMP4;VAMP5;STX2
prerank,Sphingolipid signaling pathway,0.2904333387601042,1.0799699276863823,0.2828828828828829,0.4160252420363717,1.0,23/110,15.96%,NFKB1;PRKCE;PIK3CD;FYN;AKT3;SGPL1;PPP2R2A;PLD1;TNF;GAB2;RAC2;PPP2R3A;MAP3K5;PPP2R3C;MAPK8;NSMAF;KRAS;PLCB1;BDKRB2;SGMS1;GNA13;PPP2R2B;ROCK1
prerank,Nitrogen metabolism,0.4545046511693397,1.073074564676297,0.372,0.42721903385985865,1.0,2/11,12.62%,CA8;CA2
prerank,Estrogen signaling pathway,0.2843649698368011,1.0688023780892164,0.3054003724394786,0.4325961187738597,1.0,21/112,14.03%,HBEGF;CREB5;TGFA;PIK3CD;AKT3;CREB1;EGFR;ITPR3;MMP9;JUN;ATF4;SOS2;ITPR2;ITPR1;HSPA1L;NCOA1;MMP2;KRAS;NCOA3;SOS1;PLCB1
prerank,Arginine biosynthesis,0.4056625669920393,1.067590347933261,0.3707627118644068,0.43226477844402406,1.0,2/17,5.74%,GPT2;ASS1
prerank,Glucagon signaling pathway,0.2931079237916892,1.057364709870171,0.342911877394636,0.4501998745521856,1.0,23/83,19.98%,CREB5;FOXO1;PCK2;AKT3;PRKAG2;CREB1;ITPR3;PRKAB2;ATF4;ITPR2;ITPR1;PHKA1;PYGL;PFKP;SLC2A1;PLCB1;PPP3CC;CREBBP;PLCB4;SIRT1;ATF2;PPP3R1;EP300
prerank,Insulin signaling pathway,0.2734178508804921,1.0543941459723436,0.33206831119544594,0.4535555158409801,1.0,24/125,14.04%,HK2;PPP1R3B;FOXO1;PIK3CD;PCK2;AKT3;SOCS2;PRKAG2;PTPRF;PRKAB2;BRAF;SOS2;CBL;PHKA1;PYGL;TSC1;CBLB;CRKL;MAPK8;GSK3B;KRAS;PRKCI;SOS1;RHOQ
prerank,Hedgehog signaling pathway,0.3212125346487098,1.0487993815912002,0.37549407114624506,0.46291454152402545,1.0,15/48,21.96%,SMURF2;SMURF1;GPR161;CSNK1G3;SPOP;CSNK1A1;GSK3B;CSNK1G1;LRP2;KIF3A;FBXW11;EVC2;BTRC;PTCH1;SPOPL
prerank,Glycerolipid metabolism,-0.31806619385900853,-1.0470911576204391,0.3572938689217759,0.5065346620686836,1.0,9/41,15.54%,ALDH3A2;GLYCTK;DGAT1;DGKZ;AGPAT2;DGKQ;GLA;ALDH9A1;AKR1A1
prerank,Antigen processing and presentation,0.31158682926321835,1.0380817271433012,0.37832699619771865,0.48430916340375324,1.0,13/53,17.92%,TAP1;TNF;CREB1;TAP2;NFYB;CTSS;HSPA1L;CD8A;HLA-DQA1;HLA-F;CTSB;CIITA;NFYA
prerank,Wnt signaling pathway,0.26579990510135626,1.0336570925228796,0.38475499092558985,0.49111250752682867,1.0,37/136,21.52%,MYC;PSEN1;DAAM1;SMAD3;CTBP2;CSNK2A2;RAC2;RYK;CSNK2A1;JUN;FZD6;TLE4;TCF7L2;CSNK1A1;TBL1X;MAPK8;FOSL1;GSK3B;SENP2;PLCB1;TBL1XR1;TLE1;PPP3CC;ROR1;SMAD4;FBXW11;CHD8;CREBBP;ROR2;PLCB4;WNT11;BTRC;PPP3R1;EP300;ROCK2;VANGL2;SIAH1
prerank,Endocytosis,0.24950544850369774,1.0331433107606027,0.35535714285714287,0.48897865225691245,1.0,49/224,14.89%,CYTH1;NEDD4;SH3KBP1;RNF41;SMURF2;SMURF1;SMAD3;CHMP4C;ASAP2;DAB2;TRAF6;PLD1;RAB31;ASAP1;ARAP2;CHMP5;PIP5K1A;KIF5C;ITCH;EGFR;STAMBP;EPS15;ARFGAP3;CLTCL1;WASL;RAB11FIP1;IST1;EHD4;EPN2;CBL;SH3GLB1;PML;EEA1;HSPA1L;NEDD4L;IGF2R;STAM2;CBLB;RAB5A;ZFYVE9;KIF5A;SNX6;WIPF1;ARFGEF1;PRKCI;HLA-F;SMAD2;USP8;IGF1R
prerank,Gastric cancer,0.2711941160057936,1.0226670073581592,0.398422090729783,0.5085136409295676,1.0,24/121,14.90%,MYC;GADD45A;FGF19;PIK3CD;SMAD3;AKT3;MET;TGFB2;FGF2;GAB1;EGFR;FZD6;BRAF;CDKN1A;CDKN2B;SOS2;TCF7L2;CSNK1A1;POLK;GSK3B;KRAS;SOS1;SMAD2;FGF1
prerank,Linoleic acid metabolism,-0.43450487332958354,-1.0093903389421472,0.4491362763915547,0.5984567711923667,1.0,4/11,11.95%,PLA2G4F;CYP2C9;PLA2G12A;PLA2G10
prerank,Pancreatic secretion,-0.2868228845812531,-1.0086718762327915,0.44086021505376344,0.5930838097457584,1.0,12/60,15.15%,SLC4A2;ADCY5;PLCB3;ATP1A3;FXYD2;SLC12A2;PRSS3;PLA2G12A;PLA2G10;TPCN2;GNAS;ATP1B3
prerank,Salivary secretion,-0.2898248458018373,-1.0085834438675818,0.43248945147679324,0.5861980200962781,1.0,19/60,23.08%,SLC4A2;ADCY5;CST3;ADRA1D;PLCB3;ATP1A3;FXYD2;SLC12A2;CST1;GNAS;MUC5B;ATP1B3;CALM1;AQP5;ADCY1;CALM3;GUCY1A2;CALML5;LYZ
prerank,Sphingolipid metabolism,-0.3108408643437864,-1.0084555592424211,0.41821946169772256,0.5797053792313825,1.0,14/41,25.70%,DEGS2;SPHK2;GBA;SMPD1;GLA;SMPD4;ARSA;GAL3ST1;GBA2;NEU1;NEU4;SMPD2;CERK;CERS3
prerank,Thyroid hormone synthesis,0.30104976253647436,1.0079358977425523,0.4437869822485207,0.539054426814796,1.0,10/56,9.87%,DUOX2;CREB5;CREB1;ITPR3;ATP1B1;DUOXA2;ATF4;SLC5A5;ITPR2;ITPR1
prerank,Galactose metabolism,-0.35273837950032577,-1.007793753510537,0.42171189979123175,0.5748332582994011,1.0,7/23,16.26%,G6PC3;GALK1;GALM;GLA;PFKL;GALT;B4GALT2
prerank,Melanogenesis,-0.27642082589450623,-1.0070463724064511,0.4178794178794179,0.570495320260949,1.0,21/78,25.21%,ADCY5;FZD2;PLCB3;FZD1;DVL2;FZD9;HRAS;FZD8;MC1R;GNAS;GNAI2;CALM1;DVL1;ADCY1;FZD3;CALM3;CALML5;KITLG;CREB3;PRKACB;MAP2K2
prerank,Gastric acid secretion,-0.288362458257198,-0.9911377388881601,0.44306418219461696,0.6064005467194367,1.0,14/53,22.95%,SLC4A2;ADCY5;PLCB3;ATP1A3;ACTB;GNAS;GNAI2;ATP1B3;CALM1;KCNJ16;ADCY1;MYLK2;CALM3;CALML5
prerank,Gap junction,0.2837958515460083,0.9873640071103859,0.487378640776699,0.5837510824773415,1.0,16/73,14.18%,PDGFB;DRD1;PRKG2;EGFR;GJA1;ITPR3;SOS2;ITPR2;TJP1;ITPR1;TUBB2B;MAP3K2;KRAS;SOS1;PLCB1;PDGFC
prerank,Fatty acid biosynthesis,-0.3925103955164292,-0.9826749288518002,0.4681647940074906,0.6222280753710717,1.0,5/13,20.44%,MCAT;FASN;HSD17B8;MECR;ACSF3
prerank,Aldosterone-regulated sodium reabsorption,-0.3237985299113151,-0.9682299527181674,0.4910891089108911,0.6541752357501409,1.0,5/28,7.64%,PIK3R2;SLC9A3R2;ATP1A3;FXYD2;SFN
prerank,Neuroactive ligand-receptor interaction,-0.24156479543597414,-0.9672620333988765,0.5337995337995338,0.6493795524538857,1.0,35/128,22.67%,ADRA2A;CHRNA10;NPW;ADRA1D;TSPO;AGT;ADRA2C;NPY1R;UCN;GLP1R;GRIN2C;PRSS3;NMU;GIP;SSTR5;DRD4;MC1R;ADORA1;CHRNA5;S1PR5;GALR2;NMB;HTR2B;EDN3;C5AR1;NPFF;NTS;F2;PTH1R;INSL3;P2RY1;ADORA2B;VIPR1;THRA;LPAR2
prerank,Various types of N-glycan biosynthesis,-0.31647274663733543,-0.9657314096015562,0.5306553911205074,0.6465849407763522,1.0,11/35,19.36%,ALG12;ALG14;ALG1;ALG3;RPN1;MGAT1;RPN2;MGAT4B;B4GALT2;B4GALNT4;MAN1C1
prerank,Protein processing in endoplasmic reticulum,-0.23803112752972688,-0.9594697811672382,0.5934782608695652,0.6567170536560099,1.0,52/154,28.96%,HSPA1B;HSPA1A;WFS1;HSPBP1;DERL3;BAX;DNAJB1;MOGS;RPN1;PREB;UBE2J2;HSPH1;RBX1;VCP;BCAP31;SVIP;UBXN6;RPN2;SSR4;MAP2K7;SEC61B;DNAJB11;FBXO2;LMAN2;SEC13;BAG2;CAPN1;CALR;DERL2;EIF2AK1;BAG1;MAN1C1;NSFL1C;UBXN8;SEC61A1;PDIA4;HSP90AB1;STUB1;SYVN1;PRKCSH;DDOST;DAD1;DNAJC5;HSPA8;P4HB;ATF6B;DNAJB12;SIL1;SEC61G;SSR2;SAR1B;MAN1B1
prerank,RNA transport,-0.2374684639056559,-0.9526523538262309,0.5682819383259912,0.6681549434731086,1.0,27/142,20.60%,POP5;TACC3;POP7;RNPS1;EIF2B1;POP4;ALYREF;NXF1;RPP25L;NUP85;THOC6;RPP25;POP1;AAAS;EIF3G;NUP188;ELAC2;RAN;SEC13;DDX19A;EIF4EBP2;UPF1;GEMIN6;GEMIN4;SAP18;EIF3B;FUS
prerank,Bacterial invasion of epithelial cells,0.2752749885555961,0.9506776176265167,0.5341130604288499,0.6712893405394745,1.0,12/67,11.92%,ITGA5;PIK3CD;MET;GAB1;PTK2;CLTCL1;WASF2;CD2AP;WASL;CBL;ITGB1;CRKL
prerank,Adrenergic signaling in cardiomyocytes,0.25084405110512953,0.9453621645846563,0.5714285714285714,0.6807440248840694,1.0,17/113,12.35%,ADRB2;CREB5;TPM4;AKT3;PPP2R2A;TPM1;ATP2A3;CREB1;ATP1B1;PPP2R3A;ATF4;CACNG7;PPP2R3C;SLC8A1;RPS6KA5;CACNG6;ATP2B4
prerank,mRNA surveillance pathway,-0.2521853003233631,-0.936098786194476,0.6203703703703703,0.7055580214307352,1.0,22/84,24.02%,RNPS1;PPP1CA;CPSF1;ALYREF;PPP2R3B;PPP2R1A;NXF1;SSU72;PABPN1;CPSF4;DDX19A;CSTF2;PPP2R5D;UPF1;CSTF1;SAP18;SYMPK;FUS;DAZAP1;NXT1;PPP2R1B;EIF4A3
prerank,VEGF signaling pathway,0.281963487844043,0.930036161860236,0.60727969348659,0.7144929061171021,1.0,7/53,7.25%,VEGFA;PIK3CD;AKT3;PLA2G4C;PTK2;RAC2;PLCG2
prerank,Glutamatergic synapse,0.26725667101765427,0.9276696790178437,0.589648798521257,0.7159117404346422,1.0,22/73,23.19%,PLA2G4C;SLC38A1;PLD1;ITPR3;TRPC1;ITPR2;ITPR1;SLC38A2;SHANK2;PLCB1;DLG4;HOMER2;PPP3CC;SLC1A3;GNB4;PLCB4;HOMER1;PPP3R1;GNB1;ADCY4;PRKCA;GNG2
prerank,Protein digestion and absorption,0.26964134831940817,0.9235832270857814,0.5908289241622575,0.7216881213053483,1.0,14/64,14.83%,COL22A1;COL12A1;COL4A1;COL8A1;ATP1B1;COL4A2;COL5A1;COL5A2;COL4A6;SLC8A1;SLC38A2;COL15A1;COL4A4;SLC1A5
prerank,ABC transporters,0.29514750674635226,0.9194848116268359,0.6038095238095238,0.7277678273469212,1.0,4/36,7.32%,TAP1;ABCA1;TAP2;ABCA10
prerank,Cushing syndrome,-0.23337762130621745,-0.9145679235604978,0.6359649122807017,0.7560763000248576,1.0,27/119,20.65%,CDKN2C;ADCY5;FZD2;PLCB3;FZD1;FH;ORAI1;CCNE1;AGT;DVL2;ARMC5;E2F2;FZD9;E2F1;MEN1;FZD8;NR4A1;CDK4;GNAS;GNAI2;APC2;DVL1;ADCY1;CACNA1D;WDR5;SCARB1;FZD3
prerank,Aldosterone synthesis and secretion,0.26051791853743383,0.9117102092057343,0.6048689138576779,0.7434445272972656,1.0,14/72,15.61%,CREB5;PRKCE;ATF1;CREB1;ITPR3;ATP1B1;ATF4;PRKD3;ITPR2;ITPR1;ATP2B4;PLCB1;CAMK1D;PDE2A
prerank,Steroid hormone biosynthesis,0.3023583516509994,0.9099266672177081,0.6121673003802282,0.7433468850404128,1.0,3/34,3.02%,CYP1A1;CYP1B1;HSD11B1
prerank,p53 signaling pathway,0.2623213295986027,0.9090342369676098,0.6309751434034416,0.7412372870562667,1.0,11/68,12.38%,SERPINE1;GADD45A;TNFRSF10B;TNFRSF10A;BCL2L1;SESN2;PMAIP1;CDKN1A;CDK6;THBS1;CASP8
prerank,cGMP-PKG signaling pathway,0.23610198589193704,0.9043562886293683,0.6927175843694494,0.7485869124980249,1.0,31/125,20.80%,ADRB2;CREB5;PRKCE;AKT3;PRKG2;ATP2A3;CREB1;ITPR3;ATP1B1;ATF4;MEF2A;ITPR2;ITPR1;SLC8A1;PDE5A;ATP2B4;PPP1R12A;PLCB1;BDKRB2;GNA13;PDE2A;PPP3CC;ROCK1;INSR;MEF2D;PLCB4;ATF2;PPP3R1;GTF2IRD1;ATP2B1;ROCK2
prerank,Regulation of lipolysis in adipocytes,0.2858624935875309,0.901095548301734,0.625242718446602,0.7520204105528474,1.0,4/41,3.22%,ADRB2;PIK3CD;AKT3;PRKG2
prerank,mTOR signaling pathway,-0.22469154229775218,-0.897496770238209,0.7311111111111112,0.7932683788701774,1.0,29/139,16.93%,PIK3R2;TELO2;AKT1S1;PRR5;NPRL2;FZD2;STK11;FZD1;LAMTOR4;NPRL3;DVL2;SKP2;RPS6KB2;MLST8;AKT1;LAMTOR5;LAMTOR1;FZD9;WDR24;HRAS;FZD8;MAPKAP1;SEC13;TSC2;LRP5;ATP6V1F;TNFRSF1A;DVL1;ATP6V1D
prerank,Vascular smooth muscle contraction,-0.23333983146649837,-0.8869054010785099,0.7290836653386454,0.8117506845228455,1.0,25/96,22.95%,ADCY5;PPP1CA;PPP1R12C;RAMP1;ADRA1D;PLCB3;AGT;PPP1R14A;PLA2G4F;ARHGEF1;PLA2G12A;PLA2G10;GNAS;MYH11;CALM1;EDN3;KCNMB4;ADCY1;CACNA1D;MYLK2;ADORA2B;MYL6B;CALM3;GUCY1A2;CALML5
prerank,Fructose and mannose metabolism,-0.3044546349987641,-0.8839632108326391,0.6424242424242425,0.8110665233714506,1.0,10/26,26.07%,GMPPB;GMPPA;FBP1;PFKL;KHK;PMM2;ENOSF1;ALDOA;GMDS;TPI1
prerank,Starch and sucrose metabolism,0.3151891485626006,0.8813237516527708,0.6436567164179104,0.7953370619625582,1.0,3/23,10.18%,HK2;PGM2L1;PYGL
prerank,Hepatocellular carcinoma,0.22527937400975104,0.877295629776607,0.7838345864661654,0.8003268187894147,1.0,22/148,10.98%,MYC;TGFA;GADD45A;PIK3CD;SMAD3;AKT3;MET;TGFB2;BCL2L1;GAB1;EGFR;PLCG2;FZD6;BRAF;CDKN1A;SOS2;NFE2L2;TCF7L2;CDK6;TXNRD1;CSNK1A1;POLK
prerank,Mineral absorption,0.27514129208297383,0.8744950939574245,0.6981481481481482,0.8022496862324912,1.0,6/45,12.35%,SLC11A2;VDR;ATP1B1;TRPM6;SLC8A1;ATP2B4
prerank,Basal cell carcinoma,-0.25537563986110023,-0.8740884961523303,0.6919917864476386,0.8266230879857175,1.0,11/54,16.87%,SMO;FZD2;FZD1;GADD45G;BAX;DVL2;BMP4;FZD9;FZD8;APC2;DVL1
prerank,Homologous recombination,-0.2761462263267126,-0.8667250511327792,0.6948176583493282,0.8354380464932427,1.0,12/35,25.20%,POLD1;XRCC3;POLD2;RAD54L;RPA3;RPA2;BABAM1;BLM;RAD51;SSBP1;POLD4;MUS81
prerank,Autoimmune thyroid disease,0.31590372364810737,0.8658127757618971,0.6560636182902585,0.8176591686162108,1.0,9/22,27.99%,HLA-DQA1;HLA-F;HLA-B;TG;FAS;CD40;HLA-DOB;HLA-DPA1;HLA-E
prerank,Cholesterol metabolism,-0.2771527767962292,-0.8604855395394343,0.668041237113402,0.8413487306299242,1.0,7/33,10.29%,APOH;VDAC3;LRPAP1;TSPO;STARD3;LDLRAP1;PCSK9
prerank,Amino sugar and nucleotide sugar metabolism,0.2682801155103231,0.8533624707412035,0.7372549019607844,0.8406781332232282,1.0,5/41,10.23%,HK2;GFPT1;GFPT2;UXS1;PGM3
prerank,Phosphatidylinositol signaling system,0.23703706098004262,0.8503557799628587,0.7992047713717694,0.8422016976300296,1.0,18/88,14.03%,PIK3CD;INPP5F;MTMR3;OCRL;INPP4B;PIP5K1A;ITPR3;PLCG2;DGKA;MTM1;ITPR2;ITPR1;DGKD;DGKE;INPP1;SYNJ2;INPP5B;PLCB1
prerank,Lysine degradation,-0.2531629308360537,-0.8481301178999616,0.7672413793103449,0.8594049855938859,1.0,9/45,15.20%,ALDH3A2;SUV39H1;GCDH;ACAT2;SETMAR;EHMT2;ECHS1;HADH;ALDH9A1
prerank,Asthma,0.3435925226537245,0.840469178189841,0.6526946107784432,0.8578954113753988,1.0,5/14,26.95%,TNF;HLA-DQA1;CD40;HLA-DOB;HLA-DPA1
prerank,Central carbon metabolism in cancer,0.2531622976806908,0.8376885616644631,0.7627450980392156,0.8586061942781791,1.0,11/57,14.83%,MYC;HK2;PIK3CD;AKT3;MET;EGFR;KRAS;PFKP;SLC2A1;PDK1;SLC1A5
prerank,AMPK signaling pathway,0.22055524046682762,0.8358253312367792,0.8288288288288288,0.8577367789625552,1.0,32/108,23.28%,CREB5;FOXO1;PIK3CD;PCK2;AKT3;FOXO3;PPP2R2A;PRKAG2;CREB1;PPP2R3A;PRKAB2;CAB39;PPP2R3C;ULK1;TSC1;CAMKK2;PFKP;IGF1R;PPP2R2B;TBC1D1;INSR;LEPR;SIRT1;CFTR;PIK3CA;PIK3CB;RPS6KB1;PDPK1;PPARG;PPP2R2C;MAP3K7;PIK3R1
prerank,Spinocerebellar ataxia,0.21901977352845284,0.8210677193392627,0.8561020036429873,0.882329547438718,1.0,33/118,20.45%,VLDLR;PIK3CD;AKT3;BEAN1;ERN1;NRBF2;ATP2A3;ATXN1;ITPR3;WIPI1;ATXN2L;ATXN3;MAP3K5;RBPJ;ITPR2;ITPR1;RB1CC1;ULK1;MAPK8;ATXN2;ATXN10;PLCB1;ATG14;PSMD7;PUM1;ULK2;NFYA;PLCB4;ATG13;PIK3C3;PIK3CA;SP1;PIK3CB
prerank,Purine metabolism,0.22275513584769635,0.816262354934198,0.8800738007380073,0.886483800226818,1.0,7/100,6.14%,XDH;AMPD3;ADPRM;NT5C2;NT5E;GART;PDE4B
prerank,RNA degradation,0.23331850332379905,0.8107371673355043,0.8311926605504587,0.8916343564366291,1.0,21/68,22.50%,DCP1A;XRN1;BTG1;HSPA9;PNPT1;PATL1;BTG3;ZCCHC7;CNOT4;DIS3;PFKP;TTC37;PABPC3;CNOT6L;ENO2;CNOT2;PARN;TOB2;DDX6;PAN2;XRN2
prerank,Mannose type O-glycan biosynthesis,-0.3165255050122475,-0.8019516756136041,0.733201581027668,0.9373218000868507,1.0,6/14,22.52%,MGAT5B;CHST10;B4GALT2;POMT2;POMT1;FKRP
prerank,Inositol phosphate metabolism,0.22895294405547545,0.8003065701510155,0.8356435643564356,0.9046292860465421,1.0,18/70,20.45%,PIK3CD;INPP5F;MTMR3;OCRL;INPP4B;PIP5K1A;PLCG2;MTM1;INPP1;SYNJ2;INPP5B;PLCB1;PIP4K2C;PLCB4;PIK3C3;PIK3CA;IMPA1;PIK3CB
prerank,Morphine addiction,-0.2331893065644759,-0.7939480104789546,0.8546637744034707,0.9410530415941678,1.0,19/57,29.69%,ADCY5;ARRB1;GRK6;GNB2;ADORA1;GNAS;GNAI2;GNG11;GNG5;ARRB2;ADCY1;PRKACB;GNB5;PRKACA;PDE8B;PDE1A;PDE3B;PRKCG;PDE7B
prerank,Dopaminergic synapse,0.21024355507043196,0.7794512795121122,0.9218181818181819,0.9315769815392422,1.0,20/106,15.88%,CREB5;DRD1;AKT3;PPP2R2A;CREB1;KIF5C;ITPR3;PPP2R3A;ATF4;PPP2R3C;ITPR2;ITPR1;GNAL;KIF5A;MAPK8;GSK3B;ARNTL;PLCB1;PPP2R2B;PPP3CC
prerank,Ether lipid metabolism,-0.2618889167452178,-0.7706993356134665,0.8349900596421471,0.9636947559690539,1.0,7/27,16.41%,PAFAH1B3;PLA2G4F;PLA2G12A;PLA2G10;GAL3ST1;LPCAT1;PLD3
prerank,Oxytocin signaling pathway,0.2025157773325087,0.7706843588625103,0.9458483754512635,0.9384177391128812,1.0,20/119,15.96%,PLA2G4C;PRKAG2;OXTR;EGFR;RCAN1;ITPR3;PRKAB2;JUN;CACNG7;CDKN1A;ITPR2;ITPR1;CACNG6;PPP1R12A;CAMKK2;KRAS;PLCB1;CAMK1D;PPP3CC;ROCK1
prerank,Circadian entrainment,-0.21563904620757485,-0.769846150471785,0.9134020618556701,0.9556930838527131,1.0,18/70,27.34%,ADCY5;PLCB3;GRIN2C;GNB2;GNAS;GNAI2;CALM1;GNG11;GNG5;ADCY1;CACNA1D;CALM3;GUCY1A2;CALML5;PRKACB;GNB5;PRKACA;RYR3
prerank,Vasopressin-regulated water reabsorption,0.2409543100124898,0.7639801505294633,0.8506616257088847,0.9415548335807984,1.0,5/40,11.95%,CREB5;CREB1;DYNC1I2;DYNC1LI2;RAB5A
prerank,Alcoholism,-0.20370408691712585,-0.762487562745712,0.9479392624728851,0.9553981960886272,1.0,27/90,27.29%,DDC;ADCY5;PPP1CA;HDAC10;CAMKK1;GRIN2C;GNB2;HRAS;GNAS;GNAI2;CALM1;HDAC1;GNG11;GNG5;SLC29A1;SLC29A2;ADORA2B;CALM3;CALML5;MAOB;CREB3;PRKACB;GNB5;ARAF;PRKACA;ATF6B;CAMK4
prerank,Long-term potentiation,0.22468490893259815,0.7451762557045334,0.9051383399209486,0.9578028534713748,1.0,19/56,26.76%,RPS6KA2;ITPR3;ATF4;BRAF;ITPR2;ITPR1;KRAS;PLCB1;PPP3CC;CREBBP;PLCB4;PPP3R1;EP300;PRKCA;RAP1A;RPS6KA6;NRAS;PPP3CB;RAPGEF3
prerank,Ovarian steroidogenesis,0.25207523421950917,0.7308284221782885,0.8479166666666667,0.9673311049173274,1.0,3/31,3.85%,CYP1A1;CYP1B1;PLA2G4C
prerank,Cortisol synthesis and secretion,0.22271473482914184,0.7221375471472139,0.9154929577464789,0.9697477645144791,1.0,12/46,20.08%,CREB5;CREB1;ITPR3;ATF4;ITPR2;ITPR1;PLCB1;NCEH1;PDE8A;PLCB4;ATF2;SP1
prerank,Insulin secretion,-0.20712144673244923,-0.7196517962325998,0.9339019189765458,0.9871827054647999,1.0,19/60,27.93%,ADCY5;PLCB3;ATP1A3;FXYD2;GLP1R;GIP;GNAS;ATP1B3;KCNMB4;ADCY1;CACNA1D;CREB3;RAB3A;KCNJ11;PRKACB;PRKACA;ATF6B;KCNN4;GNA11
prerank,Serotonergic synapse,-0.1959160157851274,-0.7062414672952361,0.9734693877551021,0.9874804289869767,1.0,14/71,18.84%,DDC;ADCY5;PLCB3;CYP2C18;PLA2G4F;GNB2;HRAS;CYP2C9;GNAS;GNAI2;GNG11;GNG5;HTR2B;CACNA1D
prerank,Non-homologous end-joining,0.3061658981865074,0.7030656133033697,0.8451025056947609,0.9791509939149127,1.0,2/11,7.21%,RAD50;LIG4
prerank,Amphetamine addiction,0.20769431749831943,0.6966792558477977,0.9631675874769797,0.9780718649618682,1.0,5/53,7.96%,CREB5;DRD1;CREB1;JUN;ATF4
prerank,Selenocompound metabolism,-0.29117596766537274,-0.6922705826689396,0.8489795918367347,0.9868626013837318,1.0,2/12,6.96%,SEPHS2;SEPHS1
prerank,Renin secretion,-0.19714139554578988,-0.6767174962611039,0.9668737060041408,0.9855412929746235,1.0,14/55,22.95%,ADCY5;AQP1;PLCB3;ORAI1;AGT;ADORA1;GNAS;GNAI2;CALM1;EDN3;CACNA1D;CALM3;GUCY1A2;CALML5
prerank,Olfactory transduction,0.22201528123398012,0.6630751284184924,0.9311663479923518,0.9908693280910094,1.0,7/31,21.25%,PRKG2;GNAL;SLC8A1;SLC24A4;PDE2A;GNB1;OR1F1
prerank,Other types of O-glycan biosynthesis,0.21072128860845663,0.6539032895471503,0.9642147117296223,0.9894715539350845,1.0,6/37,18.50%,B4GALT1;OGT;GALNT12;EOGT;GXYLT2;GALNT13
prerank,GABAergic synapse,-0.18782435895011096,-0.6368854467945361,0.9936305732484076,0.9908033237693467,1.0,12/53,26.76%,ADCY5;GNB2;GNAI2;GNG11;GNG5;ADCY1;CACNA1D;SLC12A5;SLC6A11;PRKACB;GNB5;PRKACA
prerank,GnRH secretion,0.19012937187727397,0.6180165651110905,0.98828125,0.9948995854090571,1.0,8/48,14.03%,PIK3CD;AKT3;ITPR3;TRPC1;ITPR2;ITPR1;KRAS;PLCB1
prerank,Phototransduction,0.239709088397471,0.5999585092800319,0.952755905511811,0.9936131693953582,1.0,5/15,27.69%,SLC24A1;RGS9;GNB1;CNGB1;PDE6A
prerank,Taste transduction,-0.16501221524288096,-0.49214422228102833,0.998046875,0.9987800805555744,1.0,8/30,28.53%,PLCB3;KCNK5;ENTPD2;P2RY1;TAS1R3;PRKACB;PRKACA;PDE1A
prerank,Nicotine addiction,0.16357195857689527,0.4080259463854763,1.0,0.9998520974431345,1.0,5/15,31.55%,CHRNA7;GABRB3;GABRP;GABRA5;CACNA1B
